"category","subcategory","ID","Description","GeneRatio","BgRatio","RichFactor","FoldEnrichment","zScore","pvalue","p.adjust","qvalue","geneID","Count"
"Environmental Information Processing","Signal transduction","hsa04072","Phospholipase D signaling pathway","11/132","144/7877",0.0763888888888889,4.55844907407407,5.6259660120442,2.71376694518934e-05,0.00395771397384561,0.00320197824765239,"10161/185/1902/196883/23236/255189/3579/4254/56034/57121/6850",11
"Cellular Processes","Transport and catabolism","hsa04145","Phagocytosis","14/132","246/7877",0.0569105691056911,3.39609509731461,4.98436669673655,5.94471469543794e-05,0.00395771397384561,0.00320197824765239,"1667/1668/213/2209/2212/249/3105/3684/4069/6850/7096/7099/728358/91937",14
"Human Diseases","Infectious disease: bacterial","hsa05150","Staphylococcus aureus infection","8/132","82/7877",0.0975609756097561,5.82187730968219,5.7298615790644,6.32712520444589e-05,0.00395771397384561,0.00320197824765239,"1667/1668/2209/2212/3684/714/727/728358",8
"Organismal Systems","Immune system","hsa04062","Chemokine signaling pathway","12/132","187/7877",0.0641711229946524,3.82936315021877,5.11181860861128,6.54167598982746e-05,0.00395771397384561,0.00320197824765239,"1794/196883/23236/2919/3055/3579/414062/5579/6348/6355/6357/7454",12
"Organismal Systems","Immune system","hsa04613","Neutrophil extracellular trap formation","11/132","169/7877",0.0650887573964497,3.88412228796844,4.94783579663186,0.000117459906364389,0.00568505946803644,0.00459948264921608,"2209/2212/23236/3684/51311/5579/6850/7099/727/8367/92815",11
"Environmental Information Processing","Signaling molecules and interaction","hsa04061","Viral protein interaction with cytokine and cytokine receptor","8/132","95/7877",0.0842105263157895,5.02519936204147,5.15267431500503,0.000179849375036175,0.00725392479312572,0.00586876908012781,"2919/3569/3579/414062/6348/6355/6357/8764",8
"Human Diseases","Infectious disease: viral","hsa05171","Coronavirus disease","12/132","220/7877",0.0545454545454545,3.25495867768595,4.42842927358837,0.00030395070288345,0.0105080100139707,0.00850147830621378,"1839/185/2212/340061/3569/51311/5579/6850/7099/714/727/730",12
"Human Diseases","Immune disease","hsa05322","Systemic lupus erythematosus","8/132","114/7877",0.0701754385964912,4.18766613503456,4.47547947242437,0.000624286819331717,0.0188846762847844,0.0152785984731183,"2209/2212/714/727/730/8367/92815/940",8
"Organismal Systems","Immune system","hsa04666","Fc gamma R-mediated phagosome formation","7/132","93/7877",0.0752688172043011,4.49160964483545,4.42175681051803,0.00090597831253698,0.0219547797849433,0.017762457764243,"2209/2212/255189/3055/5579/6850/7454",7
"Environmental Information Processing","Signaling molecules and interaction","hsa04514","Cell adhesion molecule (CAM) interaction","9/132","151/7877",0.0596026490066225,3.55674292594822,4.14121037172236,0.000940738483368265,0.0219547797849433,0.017762457764243,"1013/1365/23705/3105/3684/5175/5789/9071/940",9
"Organismal Systems","Endocrine system","hsa04924","Renin secretion","6/132","69/7877",0.0869565217391304,5.18906455862978,4.56247822507631,0.000997944535679243,0.0219547797849433,0.017762457764243,"185/1906/23236/3778/5140/5732",6
"Human Diseases","Infectious disease: bacterial","hsa05133","Pertussis","6/132","73/7877",0.0821917808219178,4.90473225404732,4.37545445781231,0.00134193268453041,0.0249723892895043,0.0202038469240879,"3569/3684/7099/714/725/727",6
"Human Diseases","Infectious disease: parasitic","hsa05146","Amoebiasis","7/132","100/7877",0.07,4.17719696969697,4.17414180049261,0.00138970788312161,0.0249723892895043,0.0202038469240879,"23236/2769/2919/3569/3684/5579/7099",7
"Human Diseases","Infectious disease: parasitic","hsa05142","Chagas disease","7/132","101/7877",0.0693069306930693,4.13583858385839,4.1406199345722,0.00147272250919716,0.0249723892895043,0.0202038469240879,"23236/2769/3569/414062/6348/7099/714",7
"Organismal Systems","Circulatory system","hsa04270","Vascular smooth muscle contraction","8/132","131/7877",0.0610687022900763,3.6442285449919,3.98405200726123,0.00154787536918415,0.0249723892895043,0.0202038469240879,"185/1906/196883/23236/255189/3778/4629/5579",8
"Human Diseases","Infectious disease: bacterial","hsa05134","Legionellosis","5/132","55/7877",0.0909090909090909,5.42493112947658,4.29890712785868,0.0021778461030229,0.0329399223082214,0.026649958892254,"2919/3310/3569/3684/7099",5
"Metabolism","Lipid metabolism","hsa00590","Arachidonic acid metabolism","5/132","58/7877",0.0862068965517241,5.14433124346917,4.13544223094485,0.00275624316244669,0.0392359320771823,0.0317437293012436,"127281/247/255189/6916/8644",5
"Human Diseases","Infectious disease: parasitic","hsa05143","African trypanosomiasis","4/132","36/7877",0.111111111111111,6.63047138047138,4.42017421758315,0.00292945731792143,0.0393849261631659,0.0318642725808998,"23236/335/3569/5579",4
"Human Diseases","Infectious disease: viral","hsa05163","Human cytomegalovirus infection","10/132","219/7877",0.045662100456621,2.72485125224851,3.37944305679439,0.00364555098871707,0.0451767185626526,0.0365501072320721,"196883/23236/3105/340061/3569/3579/414062/5579/5732/6348",10
"Human Diseases","Immune disease","hsa05323","Rheumatoid arthritis","6/132","90/7877",0.0666666666666667,3.97828282828283,3.70963527972746,0.00389547704104053,0.0451767185626526,0.0365501072320721,"2919/3569/414062/6348/7099/940",6
"Organismal Systems","Immune system","hsa04611","Platelet activation","7/132","120/7877",0.0583333333333333,3.48099747474748,3.57519025447667,0.00392029375956903,0.0451767185626526,0.0365501072320721,"196883/2212/23236/255189/6850/6916/83706",7
"Human Diseases","Cancer: overview","hsa05202","Transcriptional misregulation in cancer","9/132","188/7877",0.0478723404255319,2.85674564796905,3.36376399072153,0.00422515057104777,0.0464766562815255,0.0376018184791811,"1667/1668/2209/3569/3684/6688/7102/728358/8842",9
"Human Diseases","Infectious disease: bacterial","hsa05130","Pathogenic Escherichia coli infection","9/132","190/7877",0.0473684210526316,2.82667464114833,3.32727477826539,0.0045284728643991,0.0476474101384601,0.0385490138571274,"1365/1902/2212/3071/3569/4629/57121/7099/9071",9
"Organismal Systems","Immune system","hsa04640","Hematopoietic cell lineage","6/132","94/7877",0.0638297872340425,3.80899419729207,3.57659991521645,0.00482541323795519,0.0486562501493815,0.0393652132570029,"2209/3569/3684/4254/945/951",6
