"ID","Description","GeneRatio","BgRatio","RichFactor","FoldEnrichment","zScore","pvalue","p.adjust","qvalue","geneID","Count"
"GO:0060326","cell chemotaxis","23/231","296/15845",0.0777027027027027,5.32986720486721,9.14640693938907,6.54893558782422e-11,2.15459980839417e-07,1.80957430716196e-07,"CMKLR1/CX3CR1/DEFA1/HBEGF/AGTR1/LPAR1/EDN1/AIF1/GAS6/NCKAP1L/IL6/CXCR2/LOX/CCL3L3/NBL1/PTPRO/CCL3/CCL8/CCL13/SYK/C5/DEFA1B/CD74",23
"GO:0006935","chemotaxis","27/231","436/15845",0.0619266055045872,4.24773620874538,8.36407818068742,2.36116518720918e-10,2.83346035526775e-07,2.37972594227415e-07,"CMKLR1/CX3CR1/DEFA1/DOCK2/HBEGF/AGTR1/LPAR1/EDN1/AIF1/GAS6/CXCL1/NCKAP1L/APOA1/IL6/CXCR2/LOX/CCL3L3/NBL1/PTPRO/CCL3/CCL8/CCL13/SYK/C5/DEFA1B/WNT3A/CD74",27
"GO:0042330","taxis","27/231","438/15845",0.0616438356164384,4.22834015299769,8.33371455554247,2.6145643840275e-10,2.83346035526775e-07,2.37972594227415e-07,"CMKLR1/CX3CR1/DEFA1/DOCK2/HBEGF/AGTR1/LPAR1/EDN1/AIF1/GAS6/CXCL1/NCKAP1L/APOA1/IL6/CXCR2/LOX/CCL3L3/NBL1/PTPRO/CCL3/CCL8/CCL13/SYK/C5/DEFA1B/WNT3A/CD74",27
"GO:0050900","leukocyte migration","25/231","381/15845",0.0656167979002625,4.50085784731454,8.41312541805587,3.44493660214924e-10,2.83346035526775e-07,2.37972594227415e-07,"CMKLR1/CX3CR1/DEFA1/EDN1/AIF1/MCOLN2/GAS6/HCK/NCKAP1L/APOD/IL6/CXCR2/KITLG/NBL1/PECAM1/PTPRO/CCL3/CCL8/CCL13/SYK/C5/DEFA1B/TRIM55/TNFRSF14/CD74",25
"GO:0097529","myeloid leukocyte migration","19/231","225/15845",0.0844444444444444,5.79230399230399,8.80595420560508,7.99913598792755e-10,5.26343148005633e-07,4.42057515122312e-07,"CMKLR1/CX3CR1/EDN1/AIF1/MCOLN2/NCKAP1L/IL6/CXCR2/KITLG/NBL1/PECAM1/PTPRO/CCL3/CCL8/CCL13/SYK/C5/TRIM55/CD74",19
"GO:0030595","leukocyte chemotaxis","18/231","223/15845",0.0807174887892377,5.53666064876827,8.2985407029988,4.65787910187813e-09,2.55407037419651e-06,2.14507590218072e-06,"CMKLR1/CX3CR1/DEFA1/EDN1/AIF1/GAS6/NCKAP1L/IL6/CXCR2/NBL1/PTPRO/CCL3/CCL8/CCL13/SYK/C5/DEFA1B/CD74",18
"GO:0071674","mononuclear cell migration","17/231","219/15845",0.0776255707762557,5.32457648896005,7.83832108323626,2.26721183950012e-08,1.01688354516839e-05,8.54045530656544e-06,"CMKLR1/CX3CR1/DEFA1/AIF1/MCOLN2/GAS6/APOD/IL6/CXCR2/NBL1/PECAM1/PTPRO/CCL3/C5/DEFA1B/TRIM55/TNFRSF14",17
"GO:0006959","humoral immune response","19/231","277/15845",0.0685920577617329,4.7049400659509,7.56634220314484,2.47266515542466e-08,1.01688354516839e-05,8.54045530656544e-06,"DEFA1/DEFA3/ANG/CXCL1/HLA-A/IL6/LYZ/CCL3L3/NTS/RNASE6/CCL3/CCL8/CCL13/C1QC/C4BPB/C5/DEFA1B/C7/CD28",19
"GO:1990868","response to chemokine","11/231","86/15845",0.127906976744186,8.77353266888151,8.79193857491625,4.66665232468953e-08,1.53532861482286e-05,1.28946972129579e-05,"SH2B3/CMKLR1/CX3CR1/EDN1/ACKR1/CXCR2/LOX/CCL3L3/CCL3/CCL8/CCL13",11
"GO:1990869","cellular response to chemokine","11/231","86/15845",0.127906976744186,8.77353266888151,8.79193857491625,4.66665232468953e-08,1.53532861482286e-05,1.28946972129579e-05,"SH2B3/CMKLR1/CX3CR1/EDN1/ACKR1/CXCR2/LOX/CCL3L3/CCL3/CCL8/CCL13",11
"GO:0001906","cell killing","17/231","237/15845",0.0717299578059072,4.92017827460865,7.39584297103501,7.23524622713093e-08,2.00666214482882e-05,1.6853265494083e-05,"CX3CR1/DEFA1/DEFA3/FCGR1A/FCGR2A/CXCL1/NCKAP1L/HLA-A/ITGAM/LYZ/NTS/CCL8/CCL13/SPI1/C5/DEFA1B/C7",17
"GO:0002443","leukocyte mediated immunity","22/231","393/15845",0.0559796437659033,3.83981582454865,6.93386560394601,7.31913244314462e-08,2.00666214482882e-05,1.6853265494083e-05,"SCN11A/CX3CR1/FCGR1A/FCGR2A/MILR1/NCKAP1L/HLA-A/IL6/ITGAM/CALHM6/TLR8/CCL3/SPI1/SYK/TLR4/C1QC/C4BPB/C5/C7/WAS/CD28/CD74",22
"GO:0002274","myeloid leukocyte activation","17/231","241/15845",0.0705394190871369,4.83851556465664,7.30356965799324,9.22508182071052e-08,2.3323491944149e-05,1.9588599057236e-05,"SCN11A/CX3CR1/CLEC12A/DOCK2/AIF1/MILR1/IL6/CXCR2/ITGAM/MAPT/CCL3/SPI1/SYK/TLR1/TLR4/CD33/CD74",17
"GO:0032602","chemokine production","11/231","93/15845",0.118279569892473,8.1131592421915,8.36791911006082,1.06338109167852e-07,2.3323491944149e-05,1.9588599057236e-05,"AIF1/ALOX15B/ACKR1/MCOLN2/APOD/IL6/MBP/SYK/TLR4/C5/CD74",11
"GO:0032642","regulation of chemokine production","11/231","93/15845",0.118279569892473,8.1131592421915,8.36791911006082,1.06338109167852e-07,2.3323491944149e-05,1.9588599057236e-05,"AIF1/ALOX15B/ACKR1/MCOLN2/APOD/IL6/MBP/SYK/TLR4/C5/CD74",11
"GO:0070098","chemokine-mediated signaling pathway","10/231","77/15845",0.12987012987013,8.90819137572384,8.46088021968924,1.66714183499532e-07,3.42806039820913e-05,2.87911007688337e-05,"SH2B3/CMKLR1/CX3CR1/EDN1/ACKR1/CXCR2/CCL3L3/CCL3/CCL8/CCL13",10
"GO:0002688","regulation of leukocyte chemotaxis","12/231","121/15845",0.0991735537190083,6.80261886873457,7.79321275721027,2.00010445996251e-07,3.87079039604509e-05,3.25094378167281e-05,"CMKLR1/CX3CR1/EDN1/AIF1/GAS6/NCKAP1L/IL6/CXCR2/NBL1/CCL3/C5/CD74",12
"GO:0006909","phagocytosis","16/231","226/15845",0.0707964601769911,4.85614680304946,7.10170266914751,2.12050998340232e-07,3.87582102521869e-05,3.25516883417023e-05,"DOCK2/AIF1/FCGR1A/FCGR2A/GAS6/HCK/NCKAP1L/APOA1/ITGAM/PECAM1/SYK/TLR4/C4BPB/TIMD4/ARHGAP25/APOA2",16
"GO:0002685","regulation of leukocyte migration","16/231","227/15845",0.0704845814977974,4.83475408585541,7.07813851869927,2.2521025626775e-07,3.89969338484683e-05,3.275218408326e-05,"CMKLR1/CX3CR1/EDN1/AIF1/GAS6/NCKAP1L/APOD/IL6/CXCR2/KITLG/NBL1/CCL3/CCL8/C5/TNFRSF14/CD74",16
"GO:0019722","calcium-mediated signaling","16/231","231/15845",0.0692640692640693,4.75103540038605,6.98524084097986,2.85593641493952e-07,4.69801540257551e-05,3.94570162590328e-05,"RCAN2/CMKLR1/CX3CR1/AGTR1/EDN1/MCOLN2/GNA15/CXCR2/MAPT/PLEK/TMEM100/MCOLN3/CCL3/SYK/TNNI3/CA8",16
"GO:0002687","positive regulation of leukocyte migration","13/231","150/15845",0.0866666666666667,5.94473304473305,7.40097843512153,3.01084346185046e-07,4.71698809023239e-05,3.96163613401376e-05,"CMKLR1/CX3CR1/EDN1/AIF1/GAS6/NCKAP1L/IL6/CXCR2/KITLG/CCL3/CCL8/TNFRSF14/CD74",13
"GO:0050920","regulation of chemotaxis","15/231","206/15845",0.0728155339805825,4.99464128104905,7.01920983213402,3.57673993268788e-07,5.34885199024687e-05,4.4923169011032e-05,"CMKLR1/CX3CR1/LPAR1/EDN1/AIF1/GAS6/NCKAP1L/IL6/CXCR2/NBL1/PTPRO/CCL3/C5/WNT3A/CD74",15
"GO:0032722","positive regulation of chemokine production","9/231","70/15845",0.128571428571429,8.8191094619666,7.9744905610646,7.64696719285265e-07,0.00010938487854124,9.18685989988019e-05,"AIF1/ALOX15B/MCOLN2/IL6/MBP/SYK/TLR4/C5/CD74",9
"GO:0019730","antimicrobial humoral response","13/231","164/15845",0.0792682926829268,5.4372558335973,6.94753646579842,8.40982364525542e-07,0.00011528466580371,9.6823627494717e-05,"DEFA1/DEFA3/ANG/CXCL1/HLA-A/LYZ/CCL3L3/NTS/RNASE6/CCL3/CCL8/CCL13/DEFA1B",13
"GO:0061900","glial cell activation","8/231","53/15845",0.150943396226415,10.353671485747,8.2962685027366,9.10594097281263e-07,0.000119834183202214,0.00010064461075214,"CX3CR1/AIF1/IL6/ITGAM/MAPT/CCL3/TLR1/ZEB2",8
"GO:0002250","adaptive immune response","22/231","458/15845",0.0480349344978166,3.2948637970472,6.06169382062257,1.00258986453508e-06,0.000126866179012324,0.000106550542283587,"LILRB5/CX3CR1/FCGR1A/FCGR2A/RAP1GAP2/MCOLN2/NCKAP1L/HLA-A/IL6/TLR8/PRKCB/SYK/TLR4/C1QC/C4BPB/C5/C7/WAS/LILRA6/TNFRSF14/CD28/CD74",22
"GO:0002690","positive regulation of leukocyte chemotaxis","10/231","94/15845",0.106382978723404,7.29713548862485,7.44790653528443,1.10697244969141e-06,0.000134886642943879,0.000113286654208185,"CMKLR1/CX3CR1/EDN1/AIF1/GAS6/NCKAP1L/IL6/CXCR2/CCL3/CD74",10
"GO:0001819","positive regulation of cytokine production","22/231","483/15845",0.0455486542443064,3.12432219264517,5.76701910918003,2.40314863954994e-06,0.000282369965147117,0.000237152826271375,"CLEC12A/AIF1/FCGR1A/FCGR2A/ALOX15B/MCOLN2/HLA-A/STING1/IL6/MBP/TLR8/CCL3/SYK/TLR1/TLR4/C5/TNFRSF14/WNT3A/ARRDC4/CD28/CD74/APOA2",22
"GO:0061844","antimicrobial humoral immune response mediated by antimicrobial peptide","11/231","127/15845",0.0866141732283465,5.94113235845519,6.80003307472017,2.51374547672438e-06,0.000285180090290455,0.000239512953771379,"DEFA1/DEFA3/ANG/CXCL1/CCL3L3/NTS/RNASE6/CCL3/CCL8/CCL13/DEFA1B",11
"GO:0001516","prostaglandin biosynthetic process","6/231","29/15845",0.206896551724138,14.191670398567,8.64832061774438,3.22791956269254e-06,0.000342575979395434,0.000287717787846109,"PRXL2B/EDN1/PLA2G4F/TBXAS1/AKR1C3/CD74",6
"GO:0046457","prostanoid biosynthetic process","6/231","29/15845",0.206896551724138,14.191670398567,8.64832061774438,3.22791956269254e-06,0.000342575979395434,0.000287717787846109,"PRXL2B/EDN1/PLA2G4F/TBXAS1/AKR1C3/CD74",6
"GO:0042116","macrophage activation","10/231","106/15845",0.0943396226415094,6.47104467859185,6.87410158219543,3.34871072148091e-06,0.000344289321052256,0.000289156764601559,"CX3CR1/AIF1/IL6/ITGAM/MAPT/CCL3/SYK/TLR1/TLR4/CD74",10
"GO:0031640","killing of cells of another organism","10/231","108/15845",0.0925925925925926,6.35121051787718,6.78710020515714,3.96882255915772e-06,0.000384041947636144,0.000322543629033716,"DEFA1/DEFA3/CXCL1/LYZ/NTS/CCL8/CCL13/C5/DEFA1B/C7",10
"GO:0141061","disruption of cell in another organism","10/231","108/15845",0.0925925925925926,6.35121051787718,6.78710020515714,3.96882255915772e-06,0.000384041947636144,0.000322543629033716,"DEFA1/DEFA3/CXCL1/LYZ/NTS/CCL8/CCL13/C5/DEFA1B/C7",10
"GO:0001774","microglial cell activation","7/231","47/15845",0.148936170212766,10.2159896840748,7.69610835293537,4.89394912428901e-06,0.000460031217683167,0.000386364404549132,"CX3CR1/AIF1/IL6/ITGAM/MAPT/CCL3/TLR1",7
"GO:0002444","myeloid leukocyte mediated immunity","10/231","111/15845",0.0900900900900901,6.17955617955618,6.66063727879688,5.08524438788959e-06,0.000464734834337688,0.000390314810473982,"SCN11A/CX3CR1/FCGR1A/FCGR2A/MILR1/IL6/ITGAM/CCL3/SPI1/SYK",10
"GO:0141060","disruption of anatomical structure in another organism","10/231","112/15845",0.0892857142857143,6.12438157081014,6.61951270320733,5.51338965965555e-06,0.000489952840104685,0.000411494546560486,"DEFA1/DEFA3/CXCL1/LYZ/NTS/CCL8/CCL13/C5/DEFA1B/C7",10
"GO:0006636","unsaturated fatty acid biosynthetic process","7/231","48/15845",0.145833333333333,10.0031565656566,7.59817744240595,5.65902976412706e-06,0.000489952840104685,0.000411494546560486,"PRXL2B/EDN1/ALOX15B/PLA2G4F/TBXAS1/AKR1C3/CD74",7
"GO:0040013","negative regulation of locomotion","17/231","327/15845",0.0519877675840979,3.56600076783563,5.70287830080021,6.36420531144208e-06,0.000536877832683191,0.000450905234616342,"PODN/CLDN3/CX3CR1/SPRED1/AIF1/ALOX15B/APOD/MEOX2/NBL1/TMIGD3/PTPRO/STC1/C5/WAS/WNT3A/CD74/ZEB2",17
"GO:0002269","leukocyte activation involved in inflammatory response","7/231","50/15845",0.14,9.6030303030303,7.41067826902309,7.48933532225455e-06,0.000615997830255436,0.000517355400550479,"CX3CR1/AIF1/IL6/ITGAM/MAPT/CCL3/TLR1",7
"GO:0050921","positive regulation of chemotaxis","11/231","144/15845",0.0763888888888889,5.23974867724868,6.2164010038609,8.50698924069835e-06,0.000682634014680429,0.000573320840997001,"CMKLR1/CX3CR1/LPAR1/EDN1/AIF1/GAS6/NCKAP1L/IL6/CXCR2/CCL3/CD74",11
"GO:0009620","response to fungus","8/231","71/15845",0.112676056338028,7.72879702457167,6.91157465416925,8.7250747948994e-06,0.00068346419226712,0.000574018078611803,"CX3CR1/DEFA1/DEFA3/ANG/SPI1/SYK/TLR4/DEFA1B",8
"GO:0050764","regulation of phagocytosis","9/231","94/15845",0.0957446808510638,6.56742193976237,6.5848413655297,9.23878512346034e-06,0.000699916454000497,0.000587835767637595,"DOCK2/FCGR1A/FCGR2A/GAS6/HCK/NCKAP1L/APOA1/SYK/APOA2",9
"GO:0097530","granulocyte migration","11/231","146/15845",0.0753424657534247,5.16797129810828,6.15384384978683,9.70490946241731e-06,0.000699916454000497,0.000587835767637595,"CMKLR1/EDN1/MCOLN2/NCKAP1L/CXCR2/PECAM1/CCL3/CCL8/CCL13/SYK/CD74",11
"GO:0010543","regulation of platelet activation","7/231","52/15845",0.134615384615385,9.23368298368298,7.23343886110881,9.7860659221954e-06,0.000699916454000497,0.000587835767637595,"SH2B3/ADAMTS18/IL6/PLEK/SYK/TLR4/SVEP1",7
"GO:0046456","icosanoid biosynthetic process","7/231","52/15845",0.134615384615385,9.23368298368298,7.23343886110881,9.7860659221954e-06,0.000699916454000497,0.000587835767637595,"PRXL2B/EDN1/PLA2G4F/SYK/TBXAS1/AKR1C3/CD74",7
"GO:0098801","regulation of renal system process","5/231","22/15845",0.227272727272727,15.5893349075167,8.32882504828702,1.35633509636821e-05,0.000949434567457748,0.000797397453072017,"AGTR1/EDN1/GAS6/PTPRO/STC1",5
"GO:0043299","leukocyte degranulation","8/231","77/15845",0.103896103896104,7.12655310057908,6.55472654628577,1.60094992253028e-05,0.00107492351941319,0.000902791309697525,"SCN11A/MILR1/HCK/NCKAP1L/ITGAM/CCL3/SPI1/SYK",8
"GO:0150076","neuroinflammatory response","8/231","77/15845",0.103896103896104,7.12655310057908,6.55472654628577,1.60094992253028e-05,0.00107492351941319,0.000902791309697525,"CX3CR1/AIF1/IL6/ITGAM/MAPT/CCL3/TLR1/ZEB2",8
"GO:2000343","positive regulation of chemokine (C-X-C motif) ligand 2 production","4/231","12/15845",0.333333333333333,22.8643578643579,9.2156731531434,1.98752290801193e-05,0.00130779007347185,0.0010983679228487,"MCOLN2/MBP/TLR4/CD74",4
"GO:0050830","defense response to Gram-positive bacterium","9/231","110/15845",0.0818181818181818,5.61216056670602,5.90403205246144,3.29692085956841e-05,0.00201867029915321,0.00169541178540303,"DEFA1/DEFA3/ANG/HLA-A/IL6/LYZ/RNASE6/DEFA1B/TNFRSF14",9
"GO:0032637","interleukin-8 production","8/231","85/15845",0.0941176470588235,6.45581869111281,6.13440725607742,3.31331903204479e-05,0.00201867029915321,0.00169541178540303,"IL6/TLR8/SYK/TLR1/TLR4/CD33/CD74/APOA2",8
"GO:0032677","regulation of interleukin-8 production","8/231","85/15845",0.0941176470588235,6.45581869111281,6.13440725607742,3.31331903204479e-05,0.00201867029915321,0.00169541178540303,"IL6/TLR8/SYK/TLR1/TLR4/CD33/CD74/APOA2",8
"GO:0050871","positive regulation of B cell activation","8/231","85/15845",0.0941176470588235,6.45581869111281,6.13440725607742,3.31331903204479e-05,0.00201867029915321,0.00169541178540303,"NCKAP1L/IL6/SPI1/SYK/TLR4/WNT3A/CD28/CD74",8
"GO:0070663","regulation of leukocyte proliferation","14/231","264/15845",0.053030303030303,3.63751147842057,5.25629797831,3.41293492982894e-05,0.00204155562166131,0.00171463238101454,"AIF1/NCKAP1L/HLA-A/IL6/KITLG/MNDA/CCL8/SYK/TLR4/PDE5A/TNFRSF14/WNT3A/CD28/CD74",14
"GO:0007596","blood coagulation","13/231","235/15845",0.0553191489361702,3.79451045408492,5.24951930930724,4.22296550854726e-05,0.00248099223627152,0.00208370008645424,"SH2B3/ADAMTS18/EDN1/GAS6/IL6/PLEK/SYK/TLR4/C4BPB/WAS/SVEP1/FERMT3/WNT3A",13
"GO:0032757","positive regulation of interleukin-8 production","7/231","65/15845",0.107692307692308,7.38694638694639,6.27592534505723,4.33697004321099e-05,0.00250283376576524,0.00210204403619701,"IL6/TLR8/SYK/TLR1/TLR4/CD74/APOA2",7
"GO:0050670","regulation of lymphocyte proliferation","13/231","236/15845",0.0550847457627119,3.77843201995744,5.23057647051131,4.41229052931259e-05,0.00250283376576524,0.00210204403619701,"AIF1/NCKAP1L/HLA-A/IL6/KITLG/MNDA/SYK/TLR4/PDE5A/TNFRSF14/WNT3A/CD28/CD74",13
"GO:0006911","phagocytosis, engulfment","6/231","45/15845",0.133333333333333,9.14574314574315,6.65563879230399,4.55544564403293e-05,0.00254024002862175,0.00213346027039901,"AIF1/FCGR1A/NCKAP1L/ITGAM/TIMD4/ARHGAP25",6
"GO:0050671","positive regulation of lymphocyte proliferation","10/231","143/15845",0.0699300699300699,4.79671843308207,5.54728197708907,4.69700614022001e-05,0.00257552503355397,0.00216309493299606,"AIF1/NCKAP1L/HLA-A/IL6/KITLG/SYK/TLR4/WNT3A/CD28/CD74",10
"GO:0050766","positive regulation of phagocytosis","7/231","66/15845",0.106060606060606,7.27502295684114,6.21339363197316,4.79203424404021e-05,0.00258455617424464,0.00217067987758508,"DOCK2/FCGR1A/FCGR2A/GAS6/NCKAP1L/APOA1/APOA2",7
"GO:2000146","negative regulation of cell motility","15/231","309/15845",0.0485436893203883,3.3297608540327,5.03039741044177,4.96780407599757e-05,0.00262435949984973,0.00220410932238219,"PODN/CLDN3/CX3CR1/SPRED1/AIF1/ALOX15B/APOD/MEOX2/NBL1/TMIGD3/STC1/C5/WAS/CD74/ZEB2",15
"GO:0050817","coagulation","13/231","239/15845",0.0543933054393305,3.73100400297053,5.17436195671744,5.02536925503139e-05,0.00262435949984973,0.00220410932238219,"SH2B3/ADAMTS18/EDN1/GAS6/IL6/PLEK/SYK/TLR4/C4BPB/WAS/SVEP1/FERMT3/WNT3A",13
"GO:0050829","defense response to Gram-negative bacterium","8/231","91/15845",0.0879120879120879,6.0301603158746,5.85313338937884,5.4291907711042e-05,0.00276327527804118,0.00232077990876918,"DEFA1/DEFA3/IL6/LYZ/RNASE6/TLR4/DEFA1B/TNFRSF14",8
"GO:0032944","regulation of mononuclear cell proliferation","13/231","241/15845",0.0539419087136929,3.7000413141492,5.13738696253332,5.4741472528434e-05,0.00276327527804118,0.00232077990876918,"AIF1/NCKAP1L/HLA-A/IL6/KITLG/MNDA/SYK/TLR4/PDE5A/TNFRSF14/WNT3A/CD28/CD74",13
"GO:0032946","positive regulation of mononuclear cell proliferation","10/231","146/15845",0.0684931506849315,4.69815572555299,5.46017984278762,5.60321822957923e-05,0.00276327527804118,0.00232077990876918,"AIF1/NCKAP1L/HLA-A/IL6/KITLG/SYK/TLR4/WNT3A/CD28/CD74",10
"GO:0007588","excretion","5/231","29/15845",0.172413793103448,11.8263919988058,7.09766893123908,5.62805731805198e-05,0.00276327527804118,0.00232077990876918,"SCN11A/AGTR1/EDN1/KCNMA1/STC1",5
"GO:0007599","hemostasis","13/231","242/15845",0.0537190082644628,3.68475188723123,5.11904685122097,5.71132884215197e-05,0.00276327527804118,0.00232077990876918,"SH2B3/ADAMTS18/EDN1/GAS6/IL6/PLEK/SYK/TLR4/C4BPB/WAS/SVEP1/FERMT3/WNT3A",13
"GO:0006693","prostaglandin metabolic process","6/231","47/15845",0.127659574468085,8.75656258634982,6.47736685448187,5.86128111161153e-05,0.00279472679089883,0.00234719495316251,"PRXL2B/EDN1/PLA2G4F/TBXAS1/AKR1C3/CD74",6
"GO:0071621","granulocyte chemotaxis","9/231","119/15845",0.0756302521008403,5.18771144821565,5.57727955489493,6.13255447323967e-05,0.00288230060242264,0.00242074518680513,"CMKLR1/EDN1/NCKAP1L/CXCR2/CCL3/CCL8/CCL13/SYK/CD74",9
"GO:0006692","prostanoid metabolic process","6/231","48/15845",0.125,8.5741341991342,6.39215981616332,6.61776370235421e-05,0.00306654120855568,0.0025754825379807,"PRXL2B/EDN1/PLA2G4F/TBXAS1/AKR1C3/CD74",6
"GO:0002275","myeloid cell activation involved in immune response","8/231","95/15845",0.0842105263157895,5.77625882889041,5.67924620330632,7.38720823697803e-05,0.0033123105424576,0.00278189575234401,"SCN11A/CX3CR1/DOCK2/MILR1/ITGAM/CCL3/SPI1/SYK",8
"GO:0002718","regulation of cytokine production involved in immune response","9/231","122/15845",0.0737704918032787,5.06014477325953,5.47564201225057,7.44679100076651e-05,0.0033123105424576,0.00278189575234401,"HLA-A/APOA1/IL6/CALHM6/SYK/TLR4/TNFRSF14/CD74/APOA2",9
"GO:0002548","monocyte chemotaxis","6/231","49/15845",0.122448979591837,8.39915186853962,6.30939530301323,7.45018176722987e-05,0.0033123105424576,0.00278189575234401,"CX3CR1/AIF1/IL6/NBL1/PTPRO/CCL3",6
"GO:0002697","regulation of immune effector process","17/231","398/15845",0.042713567839196,2.92985490221671,4.74269765559238,7.76943799440748e-05,0.00334666438023978,0.00281074835966386,"CX3CR1/FCGR1A/NCKAP1L/HLA-A/APOA1/IL6/ITGAM/CALHM6/SPI1/SYK/TLR4/C4BPB/WAS/TNFRSF14/CD28/CD74/APOA2",17
"GO:0032635","interleukin-6 production","10/231","152/15845",0.0657894736842105,4.51270221007063,5.29287283469289,7.86861832417921e-05,0.00334666438023978,0.00281074835966386,"AIF1/GAS6/NCKAP1L/IL6/MBP/TLR8/SYK/TLR1/TLR4/CD74",10
"GO:0032675","regulation of interleukin-6 production","10/231","152/15845",0.0657894736842105,4.51270221007063,5.29287283469289,7.86861832417921e-05,0.00334666438023978,0.00281074835966386,"AIF1/GAS6/NCKAP1L/IL6/MBP/TLR8/SYK/TLR1/TLR4/CD74",10
"GO:0002367","cytokine production involved in immune response","9/231","123/15845",0.0731707317073171,5.01900538485904,5.44250162181687,7.93434108385114e-05,0.00334666438023978,0.00281074835966386,"HLA-A/APOA1/IL6/CALHM6/SYK/TLR4/TNFRSF14/CD74/APOA2",9
"GO:0002703","regulation of leukocyte mediated immunity","13/231","252/15845",0.0515873015873016,3.53853157424586,4.94082327036046,8.62015685186683e-05,0.00358991342311923,0.00301504486824123,"CX3CR1/FCGR1A/NCKAP1L/HLA-A/IL6/ITGAM/CALHM6/SPI1/SYK/TLR4/C4BPB/WAS/CD28",13
"GO:0042742","defense response to bacterium","14/231","288/15845",0.0486111111111111,3.33438552188552,4.86280907308281,8.73659861328926e-05,0.00359292617971521,0.00301757517893215,"DEFA1/DEFA3/FCGR1A/STAB1/ANG/SLC9A9/HLA-A/IL6/LYZ/RNASE6/SYK/TLR4/DEFA1B/TNFRSF14",14
"GO:0045055","regulated exocytosis","12/231","219/15845",0.0547945205479452,3.75852458044239,4.99984251237203,9.12630043970771e-05,0.00370685536378251,0.00311326038391588,"SCN11A/MILR1/HCK/NCKAP1L/ITGAM/PLEK/PRKCB/CCL3/SPI1/SYK/BRSK1/RIMS3",12
"GO:0032755","positive regulation of interleukin-6 production","8/231","99/15845",0.0808080808080808,5.54287463378372,5.51498766135215,9.89871742261086e-05,0.00388742794169697,0.00326491708429197,"AIF1/IL6/MBP/TLR8/SYK/TLR1/TLR4/CD74",8
"GO:0050848","regulation of calcium-mediated signaling","8/231","99/15845",0.0808080808080808,5.54287463378372,5.51498766135215,9.89871742261086e-05,0.00388742794169697,0.00326491708429197,"CMKLR1/EDN1/MAPT/PLEK/TMEM100/CCL3/SYK/CA8",8
"GO:0070527","platelet aggregation","7/231","74/15845",0.0945945945945946,6.48853398853399,5.75604156383876,0.000100331529356466,0.00388742794169697,0.00326491708429197,"SH2B3/ADAMTS18/IL6/PLEK/SYK/FERMT3/WNT3A",7
"GO:0046651","lymphocyte proliferation","14/231","292/15845",0.0479452054794521,3.28870900788709,4.80127120145182,0.000101127855001371,0.00388742794169697,0.00326491708429197,"DOCK2/AIF1/NCKAP1L/HLA-A/IL6/KITLG/MNDA/SYK/TLR4/PDE5A/TNFRSF14/WNT3A/CD28/CD74",14
"GO:0016064","immunoglobulin mediated immune response","9/231","127/15845",0.0708661417322835,4.8609264750997,5.31344352369241,0.000101616657442535,0.00388742794169697,0.00326491708429197,"FCGR1A/FCGR2A/TLR8/C1QC/C4BPB/C5/C7/CD28/CD74",9
"GO:0002768","immune response-regulating cell surface receptor signaling pathway","15/231","330/15845",0.0454545454545455,3.11786698150335,4.72891032862131,0.000103989791553289,0.00393248751965886,0.00330276107474149,"CMKLR1/FCGR1A/FCGR2A/HCK/NCKAP1L/HLA-A/ITGAM/MNDA/PIGR/PRKCB/SYK/TLR1/TLR4/CD28/CD33",15
"GO:0030336","negative regulation of cell migration","14/231","294/15845",0.0476190476190476,3.26633683776541,4.77089965018761,0.000108689155290371,0.004063492283015,0.00341278747173713,"PODN/CLDN3/CX3CR1/SPRED1/AIF1/ALOX15B/APOD/MEOX2/NBL1/TMIGD3/STC1/C5/CD74/ZEB2",14
"GO:0002449","lymphocyte mediated immunity","14/231","295/15845",0.0474576271186441,3.2552645095018,4.75581131904461,0.000112650611958887,0.0041041665423788,0.00344694838385677,"FCGR1A/FCGR2A/NCKAP1L/HLA-A/IL6/CALHM6/TLR8/C1QC/C4BPB/C5/C7/WAS/CD28/CD74",14
"GO:0043491","phosphatidylinositol 3-kinase/protein kinase B signal transduction","14/231","295/15845",0.0474576271186441,3.2552645095018,4.75581131904461,0.000112650611958887,0.0041041665423788,0.00344694838385677,"SH2B3/SESN3/CX3CR1/HBEGF/EDN1/GAS6/LOX/NTS/PDE3B/TMEM100/PDGFC/CCL3/AKR1C3/CD28",14
"GO:0051896","regulation of phosphatidylinositol 3-kinase/protein kinase B signal transduction","13/231","259/15845",0.0501930501930502,3.44289558575273,4.82135122603511,0.00011351950010835,0.0041041665423788,0.00344694838385677,"SH2B3/SESN3/CX3CR1/HBEGF/GAS6/LOX/NTS/PDE3B/TMEM100/PDGFC/CCL3/AKR1C3/CD28",13
"GO:0070661","leukocyte proliferation","15/231","334/15845",0.0449101796407186,3.08052725717396,4.67420831532097,0.000118814217815689,0.0042488997458002,0.00356850482570005,"DOCK2/AIF1/NCKAP1L/HLA-A/IL6/KITLG/MNDA/CCL8/SYK/TLR4/PDE5A/TNFRSF14/WNT3A/CD28/CD74",15
"GO:0019724","B cell mediated immunity","9/231","130/15845",0.0692307692307692,4.74875124875125,5.22014331289903,0.000121570879321422,0.00430073325771481,0.00361203801039878,"FCGR1A/FCGR2A/TLR8/C1QC/C4BPB/C5/C7/CD28/CD74",9
"GO:0050864","regulation of B cell activation","9/231","131/15845",0.0687022900763359,4.7125012392188,5.18967546269214,0.000128910209129959,0.00443814105742001,0.00372744209749721,"NCKAP1L/IL6/MNDA/SPI1/SYK/TLR4/WNT3A/CD28/CD74",9
"GO:0036230","granulocyte activation","6/231","54/15845",0.111111111111111,7.62145262145262,5.92825202507106,0.000129501988301617,0.00443814105742001,0.00372744209749721,"CLEC12A/CXCR2/ITGAM/CCL3/SPI1/SYK",6
"GO:0099024","plasma membrane invagination","6/231","54/15845",0.111111111111111,7.62145262145262,5.92825202507106,0.000129501988301617,0.00443814105742001,0.00372744209749721,"AIF1/FCGR1A/NCKAP1L/ITGAM/TIMD4/ARHGAP25",6
"GO:0070665","positive regulation of leukocyte proliferation","10/231","162/15845",0.0617283950617284,4.23414034525146,5.03249228177256,0.000133653387337781,0.00451187110647546,0.00378936543097043,"AIF1/NCKAP1L/HLA-A/IL6/KITLG/SYK/TLR4/WNT3A/CD28/CD74",10
"GO:0032943","mononuclear cell proliferation","14/231","300/15845",0.0466666666666667,3.2010101010101,4.68132312593711,0.000134396160618418,0.00451187110647546,0.00378936543097043,"DOCK2/AIF1/NCKAP1L/HLA-A/IL6/KITLG/MNDA/SYK/TLR4/PDE5A/TNFRSF14/WNT3A/CD28/CD74",14
"GO:0050867","positive regulation of cell activation","16/231","377/15845",0.0424403183023873,2.91111187662912,4.56794666134333,0.000136033687921999,0.00452071548750885,0.00379679352254383,"AIF1/GAS6/NCKAP1L/HLA-A/IL6/KITLG/PLEK/CCL3/SPI1/SYK/TLR4/SVEP1/TNFRSF14/WNT3A/CD28/CD74",16
"GO:1990266","neutrophil migration","8/231","104/15845",0.0769230769230769,5.27639027639028,5.32180752004644,0.000139937256733417,0.00460393574652942,0.00386668735710758,"EDN1/MCOLN2/NCKAP1L/CXCR2/PECAM1/CCL3/SYK/CD74",8
"GO:0072567","chemokine (C-X-C motif) ligand 2 production","4/231","19/15845",0.210526315789474,14.440647072226,7.13005231695979,0.000143617740915417,0.00463237615305608,0.00389057347681082,"MCOLN2/MBP/TLR4/CD74",4
"GO:2000341","regulation of chemokine (C-X-C motif) ligand 2 production","4/231","19/15845",0.210526315789474,14.440647072226,7.13005231695979,0.000143617740915417,0.00463237615305608,0.00389057347681082,"MCOLN2/MBP/TLR4/CD74",4
"GO:0032640","tumor necrosis factor production","10/231","164/15845",0.0609756097560976,4.18250448738254,4.98293693395906,0.000147850954502459,0.00464338206416831,0.00389981696318727,"CX3CR1/FCGR1A/FCGR2A/GAS6/IL6/CCL3/SYK/TLR1/TLR4/CD33",10
"GO:0032680","regulation of tumor necrosis factor production","10/231","164/15845",0.0609756097560976,4.18250448738254,4.98293693395906,0.000147850954502459,0.00464338206416831,0.00389981696318727,"CX3CR1/FCGR1A/FCGR2A/GAS6/IL6/CCL3/SYK/TLR1/TLR4/CD33",10
"GO:0032612","interleukin-1 production","8/231","105/15845",0.0761904761904762,5.22613894042466,5.28466394938293,0.000149604406930651,0.00464338206416831,0.00389981696318727,"CX3CR1/GAS6/APOA1/IL6/TLR8/CCL3/TLR4/CD33",8
"GO:0032652","regulation of interleukin-1 production","8/231","105/15845",0.0761904761904762,5.22613894042466,5.28466394938293,0.000149604406930651,0.00464338206416831,0.00389981696318727,"CX3CR1/GAS6/APOA1/IL6/TLR8/CCL3/TLR4/CD33",8
"GO:0038094","Fc-gamma receptor signaling pathway","5/231","36/15845",0.138888888888889,9.52681577681578,6.22970167742309,0.000164427677373073,0.00505576690240571,0.00424616481165093,"FCGR1A/FCGR2A/HCK/SYK/CD33",5
"GO:0007200","phospholipase C-activating G protein-coupled receptor signaling pathway","9/231","136/15845",0.0661764705882353,4.53924751718869,5.04182119584295,0.000171403626938543,0.00517355901493402,0.00434509435744738,"CMKLR1/CX3CR1/AGTR1/LPAR1/EDN1/GNA15/CXCR2/PLEK/PRKCB",9
"GO:0030168","platelet activation","9/231","136/15845",0.0661764705882353,4.53924751718869,5.04182119584295,0.000171403626938543,0.00517355901493402,0.00434509435744738,"SH2B3/ADAMTS18/IL6/PLEK/SYK/TLR4/SVEP1/FERMT3/WNT3A",9
"GO:0002460","adaptive immune response based on somatic recombination of immune receptors built from immunoglobulin superfamily domains","14/231","310/15845",0.0451612903225806,3.09775171065494,4.53691477631744,0.000189003596819929,0.00555222771621588,0.00466312518159229,"FCGR1A/FCGR2A/NCKAP1L/HLA-A/IL6/TLR8/TLR4/C1QC/C4BPB/C5/C7/WAS/CD28/CD74",14
"GO:0071706","tumor necrosis factor superfamily cytokine production","10/231","169/15845",0.0591715976331361,4.05876175106944,4.86242252982973,0.000189012007360541,0.00555222771621588,0.00466312518159229,"CX3CR1/FCGR1A/FCGR2A/GAS6/IL6/CCL3/SYK/TLR1/TLR4/CD33",10
"GO:1903555","regulation of tumor necrosis factor superfamily cytokine production","10/231","169/15845",0.0591715976331361,4.05876175106944,4.86242252982973,0.000189012007360541,0.00555222771621588,0.00466312518159229,"CX3CR1/FCGR1A/FCGR2A/GAS6/IL6/CCL3/SYK/TLR1/TLR4/CD33",10
"GO:0002263","cell activation involved in immune response","14/231","311/15845",0.045016077170418,3.08779109422196,4.5227950075894,0.000195392972420436,0.00568887503772772,0.00477789056920022,"SCN11A/CX3CR1/DOCK2/MILR1/NCKAP1L/IL6/ITGAM/TCIM/CCL3/SPI1/SYK/TLR4/CD28/CD74",14
"GO:0007229","integrin-mediated signaling pathway","8/231","110/15845",0.0727272727272727,4.98858717040535,5.10579502979622,0.000206572813242076,0.00596161890847745,0.0050069587697179,"HCK/APOA1/ITGAM/PLEK/SYK/FERMT3/ITGBL1/LAMA1",8
"GO:0038093","Fc receptor signaling pathway","6/231","59/15845",0.101694915254237,6.97556680607528,5.59307163857131,0.000212645605721977,0.00601197687299094,0.00504925269288153,"FCGR1A/FCGR2A/HCK/PIGR/SYK/CD33",6
"GO:0035633","maintenance of blood-brain barrier","5/231","38/15845",0.131578947368421,9.02540442014126,6.02442105615877,0.000213799785452869,0.00601197687299094,0.00504925269288153,"CLDN3/IL6/MBP/PECAM1/ZEB2",5
"GO:0071402","cellular response to lipoprotein particle stimulus","5/231","38/15845",0.131578947368421,9.02540442014126,6.02442105615877,0.000213799785452869,0.00601197687299094,0.00504925269288153,"CES1/APOA1/SYK/TLR4/APOA2",5
"GO:0071675","regulation of mononuclear cell migration","9/231","141/15845",0.0638297872340425,4.37828129317491,4.90096431889015,0.000224983008078297,0.00627283132692878,0.00526833538095923,"CMKLR1/CX3CR1/AIF1/GAS6/APOD/NBL1/CCL3/C5/TNFRSF14",9
"GO:0050832","defense response to fungus","6/231","60/15845",0.1,6.85930735930736,5.53071056717228,0.000233429468779575,0.00639985793570667,0.00537502066268758,"CX3CR1/DEFA1/DEFA3/ANG/SPI1/DEFA1B",6
"GO:1905517","macrophage migration","6/231","60/15845",0.1,6.85930735930736,5.53071056717228,0.000233429468779575,0.00639985793570667,0.00537502066268758,"CMKLR1/CX3CR1/MCOLN2/CCL3/C5/TRIM55",6
"GO:0006690","icosanoid metabolic process","8/231","113/15845",0.0707964601769911,4.85614680304946,5.0035947855881,0.000248559054969221,0.00675834124668378,0.00567609847145894,"PRXL2B/EDN1/ALOX15B/PLA2G4F/SYK/TBXAS1/AKR1C3/CD74",8
"GO:0010324","membrane invagination","6/231","61/15845",0.0983606557377049,6.74685969767937,5.46976030536613,0.000255779587765462,0.00689766265367517,0.0057931097315301,"AIF1/FCGR1A/NCKAP1L/ITGAM/TIMD4/ARHGAP25",6
"GO:0045637","regulation of myeloid cell differentiation","11/231","210/15845",0.0523809523809524,3.59297052154195,4.60086619818081,0.00026432333174343,0.00707011188159257,0.00593794390951224,"TMEM178A/NCKAP1L/LOX/KITLG/CCL3/SPI1/TLR4/C1QC/GPR68/H4C5/CD74",11
"GO:0002251","organ or tissue specific immune response","5/231","41/15845",0.121951219512195,8.36500897476507,5.74332004034579,0.000308067035318399,0.00817371408223816,0.00686482145764683,"DEFA1/DEFA3/IL6/PIGR/DEFA1B",5
"GO:0032611","interleukin-1 beta production","7/231","89/15845",0.0786516853932584,5.39496084439905,5.05717924342254,0.000319416813545057,0.00834032790923203,0.00700475468300563,"CX3CR1/APOA1/IL6/TLR8/CCL3/TLR4/CD33",7
"GO:0032651","regulation of interleukin-1 beta production","7/231","89/15845",0.0786516853932584,5.39496084439905,5.05717924342254,0.000319416813545057,0.00834032790923203,0.00700475468300563,"CX3CR1/APOA1/IL6/TLR8/CCL3/TLR4/CD33",7
"GO:0018158","protein oxidation","3/231","10/15845",0.3,20.5779220779221,7.53249550330729,0.000340280187782289,0.00874626420159165,0.00734568661947787,"APOA1/LOX/APOA2",3
"GO:0044062","regulation of excretion","3/231","10/15845",0.3,20.5779220779221,7.53249550330729,0.000340280187782289,0.00874626420159165,0.00734568661947787,"AGTR1/EDN1/STC1",3
"GO:0019933","cAMP-mediated signaling","5/231","42/15845",0.119047619047619,8.16584209441352,5.6559222185841,0.00034558574705317,0.00881377602949559,0.00740238748277905,"LPAR1/PDE7B/PDE3B/PDE8B/PDE5A",5
"GO:0060021","roof of mouth development","7/231","91/15845",0.0769230769230769,5.27639027639028,4.97604075038369,0.000366113107605053,0.00926547787708172,0.00778175633573493,"B3GLCT/FOXF2/MEOX2/MSX1/PRRX1/WNT3A/MSC",7
"GO:0045807","positive regulation of endocytosis","9/231","151/15845",0.0596026490066225,4.08832888965339,4.63795481093419,0.00037425933781168,0.00939933756794219,0.00789418048819333,"DOCK2/FCGR1A/FCGR2A/GAS6/NCKAP1L/APOA1/SYK/WNT3A/APOA2",9
"GO:0050922","negative regulation of chemotaxis","5/231","43/15845",0.116279069767442,7.97593878989228,5.57137228694779,0.000386460758881513,0.00963224164181953,0.00808978861295033,"AIF1/NBL1/PTPRO/C5/WNT3A",5
"GO:0042063","gliogenesis","14/231","334/15845",0.0419161676646707,2.87515877336237,4.21281802522646,0.000403442638318308,0.00997989684261077,0.00838177226423078,"CX3CR1/LPAR1/IL6/NRROS/MAL/MAPT/MATN2/NDN/NFIB/PRDM8/CCL3/TLR4/ZEB2/AREG",14
"GO:0019731","antibacterial humoral response","6/231","68/15845",0.0882352941176471,6.05233002291826,5.0782639969737,0.000463277203112646,0.0113744925241836,0.00955304523307695,"DEFA1/DEFA3/ANG/HLA-A/RNASE6/DEFA1B",6
"GO:0046633","alpha-beta T cell proliferation","5/231","45/15845",0.111111111111111,7.62145262145262,5.41018739975534,0.00047904966124296,0.011607346766819,0.00974861150628698,"DOCK2/HLA-A/SYK/TNFRSF14/CD28",5
"GO:1903706","regulation of hemopoiesis","16/231","422/15845",0.037914691943128,2.60068525471369,4.05376958396807,0.000479817373947534,0.011607346766819,0.00974861150628698,"TMEM178A/CLEC12A/GAS6/NCKAP1L/LOX/KITLG/TCIM/CCL3/SPI1/SYK/TLR4/C1QC/GPR68/H4C5/CD28/CD74",16
"GO:0002437","inflammatory response to antigenic stimulus","6/231","69/15845",0.0869565217391304,5.96461509504988,5.02681612221336,0.000501305984307218,0.0119825373185095,0.0100637211521637,"FCGR1A/FCGR2A/HCK/CXCR2/SYK/CD28",6
"GO:0002700","regulation of production of molecular mediator of immune response","10/231","191/15845",0.0523560209424084,3.59126039754312,4.38224239386998,0.00050261098782806,0.0119825373185095,0.0100637211521637,"HLA-A/APOA1/IL6/CALHM6/SYK/TLR4/TNFRSF14/CD28/CD74/APOA2",10
"GO:0090023","positive regulation of neutrophil chemotaxis","4/231","26/15845",0.153846153846154,10.5527805527806,5.92936631057792,0.000511321209996409,0.0121024948265337,0.010164469339194,"EDN1/NCKAP1L/CXCR2/CD74",4
"GO:0045833","negative regulation of lipid metabolic process","7/231","97/15845",0.0721649484536082,4.95001562011871,4.74627935713418,0.000539816483035412,0.0126573426410009,0.0106304669437297,"FMO1/ACADL/APOD/PDE3B/PDE8B/AKR1C3/APOA2",7
"GO:0001894","tissue homeostasis","12/231","266/15845",0.0451127819548872,3.09442437261986,4.19002903110062,0.000546304758365387,0.0126573426410009,0.0106304669437297,"CLDN3/ALDH1A1/ALPL/IL6/MBP/NFIB/PECAM1/CYTL1/SYK/TLR4/PROM1/ZEB2",12
"GO:0060249","anatomical structure homeostasis","12/231","266/15845",0.0451127819548872,3.09442437261986,4.19002903110062,0.000546304758365387,0.0126573426410009,0.0106304669437297,"CLDN3/ALDH1A1/ALPL/IL6/MBP/NFIB/PECAM1/CYTL1/SYK/TLR4/PROM1/ZEB2",12
"GO:0006887","exocytosis","14/231","346/15845",0.0404624277456647,2.7754422841128,4.06138432606521,0.000572680807739421,0.0130787048611591,0.0109843545866398,"SCN11A/MILR1/HCK/NCKAP1L/ITGAM/PLEK/SEPTIN4/PRKCB/CCL3/CCL8/SPI1/SYK/BRSK1/RIMS3",14
"GO:0003014","renal system process","8/231","128/15845",0.0625,4.2870670995671,4.54161219163325,0.000576417083546526,0.0130787048611591,0.0109843545866398,"SCN11A/AGTR1/EDN1/GAS6/KCNMA1/PTPRO/STC1/AKR1C3",8
"GO:0021782","glial cell development","8/231","128/15845",0.0625,4.2870670995671,4.54161219163325,0.000576417083546526,0.0130787048611591,0.0109843545866398,"LPAR1/IL6/NRROS/MAL/MAPT/PRDM8/TLR4/ZEB2",8
"GO:0042119","neutrophil activation","5/231","47/15845",0.106382978723404,7.29713548862485,5.25862535602836,0.000587414225653859,0.0131705067075262,0.0110614558013938,"CLEC12A/CXCR2/ITGAM/SPI1/SYK",5
"GO:0002366","leukocyte activation involved in immune response","13/231","307/15845",0.0423452768729642,2.90459269286631,4.09878428353331,0.000588469448634149,0.0131705067075262,0.0110614558013938,"SCN11A/CX3CR1/DOCK2/MILR1/NCKAP1L/IL6/ITGAM/CCL3/SPI1/SYK/TLR4/CD28/CD74",13
"GO:0042060","wound healing","16/231","431/15845",0.037122969837587,2.54637860206306,3.95893260496505,0.00060275729684021,0.0132145504635395,0.0110984466379111,"SH2B3/CLDN3/ADAMTS18/HBEGF/EDN1/GAS6/IL6/PLEK/SYK/TLR4/C4BPB/WAS/NDNF/SVEP1/FERMT3/WNT3A",16
"GO:0034109","homotypic cell-cell adhesion","7/231","99/15845",0.0707070707070707,4.85001530456076,4.67386591361534,0.000610415588391538,0.0132145504635395,0.0110984466379111,"SH2B3/ADAMTS18/IL6/PLEK/SYK/FERMT3/WNT3A",7
"GO:0010572","positive regulation of platelet activation","3/231","12/15845",0.25,17.1482683982684,6.8063816221317,0.0006105202645769,0.0132145504635395,0.0110984466379111,"PLEK/TLR4/SVEP1",3
"GO:0043312","neutrophil degranulation","3/231","12/15845",0.25,17.1482683982684,6.8063816221317,0.0006105202645769,0.0132145504635395,0.0110984466379111,"ITGAM/SPI1/SYK",3
"GO:0045060","negative thymic T cell selection","3/231","12/15845",0.25,17.1482683982684,6.8063816221317,0.0006105202645769,0.0132145504635395,0.0110984466379111,"DOCK2/CD28/CD74",3
"GO:2000379","positive regulation of reactive oxygen species metabolic process","6/231","73/15845",0.0821917808219178,5.63778687066358,4.83070094001062,0.000678311859249437,0.014528696499263,0.0122021527149465,"AGTR1/ITGAM/MAPT/SYK/TLR4/AKR1C3",6
"GO:0071624","positive regulation of granulocyte chemotaxis","4/231","28/15845",0.142857142857143,9.79901051329623,5.66802966106364,0.000684482661819382,0.014528696499263,0.0122021527149465,"EDN1/NCKAP1L/CXCR2/CD74",4
"GO:0072010","glomerular epithelium development","4/231","28/15845",0.142857142857143,9.79901051329623,5.66802966106364,0.000684482661819382,0.014528696499263,0.0122021527149465,"EDN1/PECAM1/PTPRO/PROM1",4
"GO:0042102","positive regulation of T cell proliferation","7/231","102/15845",0.0686274509803922,4.70736779560309,4.56881244915215,0.000729863635950165,0.0153926369376669,0.0129277465881861,"AIF1/NCKAP1L/HLA-A/IL6/KITLG/SYK/CD28",7
"GO:0090330","regulation of platelet aggregation","4/231","29/15845",0.137931034482759,9.46111359904463,5.54701724473378,0.0007849949960016,0.0163492621772035,0.0137311832395326,"SH2B3/ADAMTS18/IL6/SYK",4
"GO:0043383","negative T cell selection","3/231","13/15845",0.230769230769231,15.8291708291708,6.50581894831624,0.000785162134953845,0.0163492621772035,0.0137311832395326,"DOCK2/CD28/CD74",3
"GO:0032760","positive regulation of tumor necrosis factor production","7/231","104/15845",0.0673076923076923,4.61684149184149,4.50102376211216,0.000819270342691686,0.0168761390856508,0.0141736890417,"FCGR1A/FCGR2A/IL6/CCL3/SYK/TLR1/TLR4",7
"GO:0002696","positive regulation of leukocyte activation","14/231","359/15845",0.0389972144846797,2.67493880307251,3.90443196886732,0.000820724089271769,0.0168761390856508,0.0141736890417,"AIF1/GAS6/NCKAP1L/HLA-A/IL6/KITLG/CCL3/SPI1/SYK/TLR4/TNFRSF14/WNT3A/CD28/CD74",14
"GO:0032481","positive regulation of type I interferon production","6/231","76/15845",0.0789473684210526,5.41524265208476,4.69289260098535,0.000840163910048829,0.0170625880497571,0.0143302811168173,"CLEC12A/STING1/TLR8/SYK/TLR4/ARRDC4",6
"GO:0072678","T cell migration","6/231","76/15845",0.0789473684210526,5.41524265208476,4.69289260098535,0.000840163910048829,0.0170625880497571,0.0143302811168173,"DEFA1/AIF1/APOD/CCL3/DEFA1B/TNFRSF14",6
"GO:0022407","regulation of cell-cell adhesion","17/231","490/15845",0.0346938775510204,2.37975969608623,3.77361772899538,0.000871041813913099,0.0175811507225405,0.0147658040782815,"SH2B3/ADAMTS18/AIF1/NCKAP1L/HLA-A/APOA1/IL6/MBP/KITLG/SPI1/SYK/FERMT3/PDE5A/TNFRSF14/WNT3A/CD28/CD74",17
"GO:0006958","complement activation, classical pathway","4/231","30/15845",0.133333333333333,9.14574314574315,5.43172857729374,0.000895495843608287,0.0179645202772638,0.0150877829876236,"C1QC/C4BPB/C5/C7",4
"GO:0072676","lymphocyte migration","7/231","106/15845",0.0660377358490566,4.52973127501429,4.43493569651226,0.000917113907688275,0.0182866954926935,0.0153583668751625,"DEFA1/AIF1/GAS6/APOD/CCL3/DEFA1B/TNFRSF14",7
"GO:0030198","extracellular matrix organization","13/231","324/15845",0.0401234567901235,2.75219122441345,3.87592599138044,0.000967826725475055,0.0191816260651381,0.0161099882965886,"ADAMTS18/FOXF2/ABI3BP/GAS6/IL6/LOX/MATN2/MYH11/COL5A3/TLL1/NDNF/WNT3A/LAMA1",13
"GO:0009214","cyclic nucleotide catabolic process","3/231","14/15845",0.214285714285714,14.6985157699443,6.23684106158079,0.000988584735266816,0.0193045218009985,0.0162132042001667,"PDE7B/PDE8B/PDE5A",3
"GO:0043062","extracellular structure organization","13/231","325/15845",0.04,2.74372294372294,3.86326610120536,0.00099538358778111,0.0193045218009985,0.0162132042001667,"ADAMTS18/FOXF2/ABI3BP/GAS6/IL6/LOX/MATN2/MYH11/COL5A3/TLL1/NDNF/WNT3A/LAMA1",13
"GO:0045229","external encapsulating structure organization","13/231","325/15845",0.04,2.74372294372294,3.86326610120536,0.00099538358778111,0.0193045218009985,0.0162132042001667,"ADAMTS18/FOXF2/ABI3BP/GAS6/IL6/LOX/MATN2/MYH11/COL5A3/TLL1/NDNF/WNT3A/LAMA1",13
"GO:0060759","regulation of response to cytokine stimulus","9/231","173/15845",0.0520231213872832,3.56842579385932,4.13151355642422,0.000997498086981686,0.0193045218009985,0.0162132042001667,"SH2B3/EDN1/GAS6/APOA1/STING1/IL6/SYK/TLR4/CD74",9
"GO:0071622","regulation of granulocyte chemotaxis","5/231","53/15845",0.0943396226415094,6.47104467859185,4.85256037837442,0.00102384962671914,0.0195858898838616,0.016449515579951,"CMKLR1/EDN1/NCKAP1L/CXCR2/CD74",5
"GO:1903557","positive regulation of tumor necrosis factor superfamily cytokine production","7/231","108/15845",0.0648148148148148,4.44584736251403,4.37047117898417,0.00102394317933866,0.0195858898838616,0.016449515579951,"FCGR1A/FCGR2A/IL6/CCL3/SYK/TLR1/TLR4",7
"GO:0033559","unsaturated fatty acid metabolic process","7/231","109/15845",0.0642201834862385,4.40505977203225,4.33882500817671,0.00108090369482481,0.0204590786507845,0.01718287680637,"PRXL2B/EDN1/ALOX15B/PLA2G4F/TBXAS1/AKR1C3/CD74",7
"GO:0051251","positive regulation of lymphocyte activation","13/231","328/15845",0.0396341463414634,2.71862791679865,3.82557061722412,0.00108203029946398,0.0204590786507845,0.01718287680637,"AIF1/GAS6/NCKAP1L/HLA-A/IL6/KITLG/SPI1/SYK/TLR4/TNFRSF14/WNT3A/CD28/CD74",13
"GO:0009636","response to toxic substance","11/231","249/15845",0.0441767068273092,3.03021610250526,3.9275041048251,0.00109594939907034,0.0206038487025223,0.0173044641958474,"CES1/INMT/SCN11A/ALB/ALDH1A1/HBM/MBP/MT1H/SCN9A/CCL3/SOD3",11
"GO:0042098","T cell proliferation","10/231","212/15845",0.0471698113207547,3.23552233929592,3.98572288165029,0.00112180189713569,0.0209700468271388,0.0176120214113708,"DOCK2/AIF1/NCKAP1L/HLA-A/IL6/KITLG/SYK/PDE5A/TNFRSF14/CD28",10
"GO:1902105","regulation of leukocyte differentiation","13/231","330/15845",0.0393939393939394,2.70215138396957,3.80067366403579,0.00114323132806186,0.0212498930470256,0.0178470546307606,"TMEM178A/CLEC12A/GAS6/NCKAP1L/KITLG/CCL3/SPI1/SYK/TLR4/C1QC/GPR68/CD28/CD74",13
"GO:0030593","neutrophil chemotaxis","6/231","81/15845",0.0740740740740741,5.08096841430175,4.47871934991997,0.00117429835275348,0.0217047279806683,0.0182290548549846,"EDN1/NCKAP1L/CXCR2/CCL3/SYK/CD74",6
"GO:0002762","negative regulation of myeloid leukocyte differentiation","5/231","55/15845",0.0909090909090909,6.23573396300669,4.7309588460931,0.00121225975331914,0.0222811988179887,0.0187132128930476,"TMEM178A/CCL3/TLR4/C1QC/GPR68",5
"GO:0002720","positive regulation of cytokine production involved in immune response","6/231","82/15845",0.0731707317073171,5.01900538485904,4.43800100039975,0.00125184200911912,0.0228808900555661,0.019216872947004,"HLA-A/IL6/SYK/TLR4/TNFRSF14/CD74",6
"GO:0042129","regulation of T cell proliferation","9/231","179/15845",0.0502793296089385,3.44881375607633,4.00760149465567,0.0012669623885615,0.0230293163445709,0.019341531084466,"AIF1/NCKAP1L/HLA-A/IL6/KITLG/SYK/PDE5A/TNFRSF14/CD28",9
"GO:0030100","regulation of endocytosis","12/231","294/15845",0.0408163265306122,2.79971728951321,3.78861184440754,0.00130336136827988,0.0235334591743445,0.0197649433155189,"DOCK2/LPAR1/EPHA3/FCGR1A/FCGR2A/GAS6/HCK/NCKAP1L/APOA1/SYK/WNT3A/APOA2",12
"GO:0048545","response to steroid hormone","13/231","335/15845",0.0388059701492537,2.66182076629838,3.73922850311512,0.00130900396015351,0.0235334591743445,0.0197649433155189,"DEFA1/DEFA3/EDN1/ALPL/IL6/LOX/PTGER2/STC1/DEFA1B/AKR1C3/APOA2/AREG/SCGB2A1",13
"GO:0050878","regulation of body fluid levels","14/231","379/15845",0.0369393139841689,2.53378108259375,3.67599826986305,0.00137646084119323,0.0246117183017703,0.020670536087713,"SH2B3/ADAMTS18/EDN1/GAS6/IL6/PLEK/PTPRO/SYK/TLR4/C4BPB/WAS/SVEP1/FERMT3/WNT3A",14
"GO:0002886","regulation of myeloid leukocyte mediated immunity","5/231","57/15845",0.087719298245614,6.01693628009417,4.61523451019498,0.00142515218357655,0.0252083370105745,0.0211716156303817,"CX3CR1/FCGR1A/ITGAM/SPI1/SYK",5
"GO:2000107","negative regulation of leukocyte apoptotic process","5/231","57/15845",0.087719298245614,6.01693628009417,4.61523451019498,0.00142515218357655,0.0252083370105745,0.0211716156303817,"GAS6/CXCR2/KITLG/HSH2D/CD74",5
"GO:0032692","negative regulation of interleukin-1 production","4/231","34/15845",0.117647058823529,8.06977336389101,5.01933983112963,0.00144792355038552,0.0253386621317466,0.0212810712192721,"CX3CR1/GAS6/APOA1/CD33",4
"GO:0090022","regulation of neutrophil chemotaxis","4/231","34/15845",0.117647058823529,8.06977336389101,5.01933983112963,0.00144792355038552,0.0253386621317466,0.0212810712192721,"EDN1/NCKAP1L/CXCR2/CD74",4
"GO:0042327","positive regulation of phosphorylation","15/231","425/15845",0.0352941176470588,2.4209320091673,3.61166029812064,0.00147105723686238,0.0255787851733044,0.0214827423068066,"CLDN3/HBEGF/EDN1/GAS6/ANG/IL6/KITLG/PECAM1/TCIM/CEMIP/SYK/TLR4/WNT3A/CD74/AREG",15
"GO:0051897","positive regulation of phosphatidylinositol 3-kinase/protein kinase B signal transduction","9/231","183/15845",0.0491803278688525,3.37342984883968,3.92789305042026,0.00147719428052518,0.0255787851733044,0.0214827423068066,"CX3CR1/HBEGF/GAS6/NTS/TMEM100/PDGFC/CCL3/AKR1C3/CD28",9
"GO:0098883","synapse pruning","3/231","16/15845",0.1875,12.8612012987013,5.77355420499082,0.00148850006884223,0.0256396085156594,0.0215338257410354,"CX3CR1/ITGAM/C1QC",3
"GO:1902106","negative regulation of leukocyte differentiation","7/231","116/15845",0.0603448275862069,4.13923719958203,4.12746966195814,0.00155268770136506,0.0266059507160993,0.02234542333379,"TMEM178A/CLEC12A/CCL3/TLR4/C1QC/GPR68/CD74",7
"GO:0034341","response to type II interferon","7/231","118/15845",0.0593220338983051,4.06908063687725,4.07012435773551,0.00171326472261978,0.0292053934581299,0.0245286059278806,"EDN1/AIF1/HCK/CCL3/TLR4/WAS/CD74",7
"GO:0002440","production of molecular mediator of immune response","10/231","225/15845",0.0444444444444444,3.04858104858105,3.76430855163723,0.0017495503179273,0.0294039824929482,0.0246953940310316,"HLA-A/APOA1/IL6/CALHM6/SYK/TLR4/TNFRSF14/CD28/CD74/APOA2",10
"GO:0006633","fatty acid biosynthetic process","8/231","152/15845",0.0526315789473684,3.6101617680565,3.93294207425071,0.00175514089344383,0.0294039824929482,0.0246953940310316,"PRXL2B/EDN1/ALOX15B/PLA2G4F/ACADL/TBXAS1/AKR1C3/CD74",8
"GO:0043691","reverse cholesterol transport","3/231","17/15845",0.176470588235294,12.1046600458365,5.57183217564639,0.00178812912133723,0.0294039824929482,0.0246953940310316,"CES1/APOA1/APOA2",3
"GO:0045579","positive regulation of B cell differentiation","3/231","17/15845",0.176470588235294,12.1046600458365,5.57183217564639,0.00178812912133723,0.0294039824929482,0.0246953940310316,"NCKAP1L/SPI1/SYK",3
"GO:0098543","detection of other organism","3/231","17/15845",0.176470588235294,12.1046600458365,5.57183217564639,0.00178812912133723,0.0294039824929482,0.0246953940310316,"HLA-A/TLR1/TLR4",3
"GO:0032102","negative regulation of response to external stimulus","14/231","390/15845",0.0358974358974359,2.46231546231546,3.55647852210595,0.00179771804736146,0.0294039824929482,0.0246953940310316,"SH2B3/CLDN3/CLEC12A/ADAMTS18/EDN1/AIF1/HCK/HLA-A/APOA1/NBL1/PTPRO/SYK/C5/WNT3A",14
"GO:0034110","regulation of homotypic cell-cell adhesion","4/231","36/15845",0.111111111111111,7.62145262145262,4.83764110572177,0.00179774448790038,0.0294039824929482,0.0246953940310316,"SH2B3/ADAMTS18/IL6/SYK",4
"GO:1902624","positive regulation of neutrophil migration","4/231","36/15845",0.111111111111111,7.62145262145262,4.83764110572177,0.00179774448790038,0.0294039824929482,0.0246953940310316,"EDN1/NCKAP1L/CXCR2/CD74",4
"GO:0010562","positive regulation of phosphorus metabolic process","16/231","479/15845",0.0334029227557411,2.2912091388083,3.49032005584505,0.00181428828147979,0.0294039824929482,0.0246953940310316,"CLDN3/HBEGF/EDN1/GAS6/ANG/IL6/KITLG/PECAM1/PLEK/TCIM/CEMIP/SYK/TLR4/WNT3A/CD74/AREG",16
"GO:0045937","positive regulation of phosphate metabolic process","16/231","479/15845",0.0334029227557411,2.2912091388083,3.49032005584505,0.00181428828147979,0.0294039824929482,0.0246953940310316,"CLDN3/HBEGF/EDN1/GAS6/ANG/IL6/KITLG/PECAM1/PLEK/TCIM/CEMIP/SYK/TLR4/WNT3A/CD74/AREG",16
"GO:0033627","cell adhesion mediated by integrin","6/231","89/15845",0.0674157303370786,4.62425215234204,4.17034267349879,0.00190972576882396,0.0307990087227002,0.0258670286024917,"NCKAP1L/ITGAM/PDE3B/SYK/FERMT3/ITGBL1",6
"GO:1903707","negative regulation of hemopoiesis","7/231","121/15845",0.0578512396694215,3.96819434009517,3.9864362144732,0.00197800450086096,0.0317445600382076,0.0266611646457511,"TMEM178A/CLEC12A/CCL3/TLR4/C1QC/GPR68/CD74",7
"GO:0034694","response to prostaglandin","4/231","37/15845",0.108108108108108,7.41546741546742,4.75195173830215,0.00199287953787488,0.0318280275709143,0.0267312661569829,"SCN11A/EDN1/PTGER2/AKR1C3",4
"GO:0002237","response to molecule of bacterial origin","13/231","354/15845",0.0367231638418079,2.51895467997163,3.51550758779358,0.00213261391082239,0.0338951679546168,0.0284673863000701,"CX3CR1/DEFA1/DEFA3/EDN1/FMO1/ALPL/HCK/IL6/PLSCR4/PTGER2/TLR1/TLR4/DEFA1B",13
"GO:0016053","organic acid biosynthetic process","12/231","312/15845",0.0384615384615385,2.63819513819514,3.55464781033564,0.00214468535663354,0.0339231481890594,0.0284908859370599,"CES1/PRXL2B/EDN1/ALDH1A1/FMO1/ALOX15B/PLA2G4F/ACADL/SYK/TBXAS1/AKR1C3/CD74",12
"GO:0002385","mucosal immune response","4/231","38/15845",0.105263157894737,7.22032353611301,4.66940307619035,0.00220218303815982,0.0345008675978372,0.0289760926073661,"DEFA1/DEFA3/PIGR/DEFA1B",4
"GO:0033280","response to vitamin D","4/231","38/15845",0.105263157894737,7.22032353611301,4.66940307619035,0.00220218303815982,0.0345008675978372,0.0289760926073661,"CYP24A1/ALPL/PRKCB/STC1",4
"GO:0002761","regulation of myeloid leukocyte differentiation","7/231","124/15845",0.0564516129032258,3.87218963831867,3.90539700743185,0.00227338405316305,0.0354475522981347,0.0297711805415465,"TMEM178A/KITLG/CCL3/TLR4/C1QC/GPR68/CD74",7
"GO:0045058","T cell selection","5/231","64/15845",0.078125,5.35883387445887,4.24985745637802,0.00239018834314591,0.0369930151310748,0.0310691616442398,"DOCK2/IL6/SYK/CD28/CD74",5
"GO:0002446","neutrophil mediated immunity","4/231","39/15845",0.102564102564103,7.03518703518704,4.58979583774598,0.00242616345245855,0.0369930151310748,0.0310691616442398,"IL6/ITGAM/SPI1/SYK",4
"GO:0014002","astrocyte development","4/231","39/15845",0.102564102564103,7.03518703518704,4.58979583774598,0.00242616345245855,0.0369930151310748,0.0310691616442398,"IL6/MAPT/TLR4/ZEB2",4
"GO:0033028","myeloid cell apoptotic process","4/231","39/15845",0.102564102564103,7.03518703518704,4.58979583774598,0.00242616345245855,0.0369930151310748,0.0310691616442398,"GAS6/IL6/CXCR2/KITLG",4
"GO:0001934","positive regulation of protein phosphorylation","14/231","403/15845",0.0347394540942928,2.38288593127303,3.42033328443795,0.00242872075024686,0.0369930151310748,0.0310691616442398,"CLDN3/HBEGF/EDN1/GAS6/IL6/KITLG/PECAM1/TCIM/CEMIP/SYK/TLR4/WNT3A/CD74/AREG",14
"GO:0002283","neutrophil activation involved in immune response","3/231","19/15845",0.157894736842105,10.8304853041695,5.21491816154239,0.00249391700397429,0.0372953951957974,0.0313231202652274,"ITGAM/SPI1/SYK",3
"GO:0042481","regulation of odontogenesis","3/231","19/15845",0.157894736842105,10.8304853041695,5.21491816154239,0.00249391700397429,0.0372953951957974,0.0313231202652274,"EDN1/MSX1/PRKCB",3
"GO:0071605","monocyte chemotactic protein-1 production","3/231","19/15845",0.157894736842105,10.8304853041695,5.21491816154239,0.00249391700397429,0.0372953951957974,0.0313231202652274,"MCOLN2/APOD/SYK",3
"GO:0071637","regulation of monocyte chemotactic protein-1 production","3/231","19/15845",0.157894736842105,10.8304853041695,5.21491816154239,0.00249391700397429,0.0372953951957974,0.0313231202652274,"MCOLN2/APOD/SYK",3
"GO:0071677","positive regulation of mononuclear cell migration","6/231","94/15845",0.0638297872340425,4.37828129317491,3.99564585626554,0.00251987095391116,0.0375130110333381,0.0315058883258719,"CMKLR1/CX3CR1/AIF1/GAS6/CCL3/TNFRSF14",6
"GO:0001959","regulation of cytokine-mediated signaling pathway","8/231","162/15845",0.0493827160493827,3.38731227620116,3.71478331847999,0.00261313807964904,0.0387262355047087,0.0325248338505392,"SH2B3/EDN1/GAS6/APOA1/STING1/IL6/SYK/CD74",8
"GO:0055074","calcium ion homeostasis","12/231","320/15845",0.0375,2.57224025974026,3.45588607193294,0.00264019853033942,0.0389518079139763,0.0327142843622421,"TMEM178A/EDN1/ALPL/PRKCB/CEMIP/CCL3/CCL8/CCL13/STC1/TNNI3/TRPC6/ATP2C2",12
"GO:0071346","cellular response to type II interferon","6/231","95/15845",0.0631578947368421,4.33219412166781,3.96217028685565,0.00265766846898007,0.0389729615177403,0.0327320505468144,"EDN1/AIF1/HCK/CCL3/TLR4/WAS",6
"GO:0052652","cyclic purine nucleotide metabolic process","4/231","40/15845",0.1,6.85930735930736,4.51294816267766,0.00266532411595489,0.0389729615177403,0.0327320505468144,"ADCY4/PDE7B/PDE8B/PDE5A",4
"GO:0030888","regulation of B cell proliferation","5/231","66/15845",0.0757575757575758,5.19644496917224,4.15523012867293,0.00273663428491917,0.0398386141477171,0.0334590824308934,"NCKAP1L/MNDA/TLR4/WNT3A/CD74",5
"GO:0002573","myeloid leukocyte differentiation","10/231","240/15845",0.0416666666666667,2.85804473304473,3.52785900093384,0.00279941929785578,0.0404185663301658,0.0339461643310463,"TMEM178A/NRROS/KITLG/FAM20C/CCL3/SPI1/TLR4/C1QC/GPR68/CD74",10
"GO:0045638","negative regulation of myeloid cell differentiation","6/231","96/15845",0.0625,4.2870670995671,3.92915366405414,0.00280104350251605,0.0404185663301658,0.0339461643310463,"TMEM178A/CCL3/TLR4/C1QC/GPR68/H4C5",6
"GO:0033033","negative regulation of myeloid cell apoptotic process","3/231","20/15845",0.15,10.288961038961,5.05581994789488,0.00290270040476516,0.0407884194852625,0.0342567912810155,"GAS6/CXCR2/KITLG",3
"GO:0048266","behavioral response to pain","3/231","20/15845",0.15,10.288961038961,5.05581994789488,0.00290270040476516,0.0407884194852625,0.0342567912810155,"SCN11A/LPAR5/SCN9A",3
"GO:0097254","renal tubular secretion","3/231","20/15845",0.15,10.288961038961,5.05581994789488,0.00290270040476516,0.0407884194852625,0.0342567912810155,"AGTR1/EDN1/STC1",3
"GO:0009187","cyclic nucleotide metabolic process","4/231","41/15845",0.0975609756097561,6.69200717981206,4.43869369577374,0.00292016271926693,0.0407884194852625,0.0342567912810155,"ADCY4/PDE7B/PDE8B/PDE5A",4
"GO:0032728","positive regulation of interferon-beta production","4/231","41/15845",0.0975609756097561,6.69200717981206,4.43869369577374,0.00292016271926693,0.0407884194852625,0.0342567912810155,"STING1/TLR8/TLR4/ARRDC4",4
"GO:0032733","positive regulation of interleukin-10 production","4/231","41/15845",0.0975609756097561,6.69200717981206,4.43869369577374,0.00292016271926693,0.0407884194852625,0.0342567912810155,"IL6/SYK/TLR4/CD28",4
"GO:0060760","positive regulation of response to cytokine stimulus","5/231","67/15845",0.0746268656716418,5.11888608903534,4.10934426366789,0.00292285197517963,0.0407884194852625,0.0342567912810155,"EDN1/GAS6/STING1/TLR4/CD74",5
"GO:0007204","positive regulation of cytosolic calcium ion concentration","8/231","165/15845",0.0484848484848485,3.32572478027023,3.65265439647322,0.00292585623055378,0.0407884194852625,0.0342567912810155,"CMKLR1/CX3CR1/AGTR1/LPAR1/EDN1/CXCR2/PTGER2/TRPC6",8
"GO:0007162","negative regulation of cell adhesion","11/231","285/15845",0.0385964912280702,2.64745196324144,3.41359279482913,0.00316217675412688,0.0438968840551791,0.036867483808941,"SH2B3/ADAMTS18/APOA1/APOD/MBP/PDE3B/PTPRO/SPI1/PDE5A/TNFRSF14/CD74",11
"GO:0046640","regulation of alpha-beta T cell proliferation","4/231","42/15845",0.0952380952380952,6.53267367553082,4.36687992245958,0.00319117082160522,0.0441132437104252,0.0370491968452619,"HLA-A/SYK/TNFRSF14/CD28",4
"GO:0002698","negative regulation of immune effector process","7/231","132/15845",0.053030303030303,3.63751147842057,3.70111933284599,0.00322852818081508,0.0444429193091281,0.0373260800468601,"CX3CR1/NCKAP1L/HLA-A/APOA1/SPI1/C4BPB/APOA2",7
"GO:0001780","neutrophil homeostasis","3/231","21/15845",0.142857142857143,9.79901051329623,4.90757184409251,0.00335036020480976,0.0449905513217311,0.0377860173474785,"SH2B3/IL6/CXCR2",3
"GO:0002888","positive regulation of myeloid leukocyte mediated immunity","3/231","21/15845",0.142857142857143,9.79901051329623,4.90757184409251,0.00335036020480976,0.0449905513217311,0.0377860173474785,"FCGR1A/ITGAM/SPI1",3
"GO:0032930","positive regulation of superoxide anion generation","3/231","21/15845",0.142857142857143,9.79901051329623,4.90757184409251,0.00335036020480976,0.0449905513217311,0.0377860173474785,"ITGAM/MAPT/SYK",3
"GO:0042474","middle ear morphogenesis","3/231","21/15845",0.142857142857143,9.79901051329623,4.90757184409251,0.00335036020480976,0.0449905513217311,0.0377860173474785,"EDN1/MSX1/PRRX1",3
"GO:0048143","astrocyte activation","3/231","21/15845",0.142857142857143,9.79901051329623,4.90757184409251,0.00335036020480976,0.0449905513217311,0.0377860173474785,"IL6/MAPT/ZEB2",3
"GO:0048245","eosinophil chemotaxis","3/231","21/15845",0.142857142857143,9.79901051329623,4.90757184409251,0.00335036020480976,0.0449905513217311,0.0377860173474785,"CCL3/CCL8/CCL13",3
"GO:0001818","negative regulation of cytokine production","11/231","288/15845",0.0381944444444444,2.61987433862434,3.37439534184309,0.00342365608270226,0.0457879207808554,0.0384557005438315,"CMKLR1/CX3CR1/GAS6/NCKAP1L/APOA1/APOD/IL6/TLR8/TLR4/CD33/APOA2",11
"GO:0042554","superoxide anion generation","4/231","43/15845",0.0930232558139535,6.38075103191382,4.29736671795443,0.00347883339214099,0.0461506526618704,0.0387603465805183,"EDN1/ITGAM/MAPT/SYK",4
"GO:0048247","lymphocyte chemotaxis","4/231","43/15845",0.0930232558139535,6.38075103191382,4.29736671795443,0.00347883339214099,0.0461506526618704,0.0387603465805183,"DEFA1/GAS6/CCL3/DEFA1B",4
"GO:0002455","humoral immune response mediated by circulating immunoglobulin","4/231","44/15845",0.0909090909090909,6.23573396300669,4.23002507834622,0.00378362837861749,0.0497925494626062,0.0418190505005092,"C1QC/C4BPB/C5/C7",4
"GO:0002861","regulation of inflammatory response to antigenic stimulus","4/231","44/15845",0.0909090909090909,6.23573396300669,4.23002507834622,0.00378362837861749,0.0497925494626062,0.0418190505005092,"FCGR1A/HCK/SYK/CD28",4
