"ID","Description","GeneRatio","BgRatio","RichFactor","FoldEnrichment","zScore","pvalue","p.adjust","qvalue","geneID","Count"
"GO:0001819","positive regulation of cytokine production","30/212","483/15845",0.062111801242236,4.64227118246806,9.46675518292889,2.17476691265375e-12,6.96795318814263e-09,5.53535409978608e-09,"POSTN/CCR7/CYBB/FCER1G/FCGR2B/RFTN1/LY96/RGCC/HLA-F/IFI16/IDO1/ISL1/LEP/LPL/MMP12/PAEP/TLR7/NLRP2/C3AR1/TYROBP/LAPTM5/CASP1/AFAP1L2/HAVCR2/IL33/CD4/CD14/CD86/CD34/CD36",30
"GO:0006956","complement activation","9/212","51/15845",0.176470588235294,13.1895116537181,10.1532367138874,2.16792893616414e-08,2.32671889707671e-05,1.84834952793596e-05,"VSIG4/CFD/A2M/RGCC/CFB/C1QA/C1QB/C2/FCN3",9
"GO:1903557","positive regulation of tumor necrosis factor superfamily cytokine production","12/212","108/15845",0.111111111111111,8.30450733752621,8.8699468685905,2.17857574632651e-08,2.32671889707671e-05,1.84834952793596e-05,"CYBB/FCGR2B/LY96/ISL1/LEP/LPL/TYROBP/HAVCR2/IL33/CD14/CD86/CD36",12
"GO:0006959","humoral immune response","18/212","277/15845",0.0649819494584837,4.85678768476262,7.54099040453257,3.57348743381871e-08,2.86236343448879e-05,2.27386647762464e-05,"VSIG4/CCR7/DEFB1/CFD/GPR183/A2M/FCGR2B/RGCC/TREM1/PPBP/RARRES2/RNASE4/CFB/CCL2/C1QA/C1QB/C2/FCN3",18
"GO:0032760","positive regulation of tumor necrosis factor production","11/212","104/15845",0.105769230769231,7.90525217706821,8.22733605723739,1.42590050379591e-07,9.13717042832421e-05,7.25858403827057e-05,"CYBB/FCGR2B/LY96/ISL1/LEP/LPL/TYROBP/HAVCR2/IL33/CD14/CD36",11
"GO:0002697","regulation of immune effector process","20/212","398/15845",0.050251256281407,3.75580733857969,6.48406706994837,4.11575439303354e-07,0.000159231994864525,0.000126494172935943,"VSIG4/A2M/FCGR2B/FOXF1/HLA-B/HLA-DMB/HLA-DRA/HLA-F/ITGB2/LEP/TLR7/PLA2G5/BST2/TYROBP/LAPTM5/HAVCR2/FCN3/IL33/CD86/CD36",20
"GO:0031348","negative regulation of defense response","16/212","259/15845",0.0617760617760618,4.61717782472499,6.83489093988317,4.18780535333458e-07,0.000159231994864525,0.000126494172935943,"VSIG4/A2M/FCGR2B/FOXF1/GPER1/HLA-B/HLA-F/IFI16/IGF1/APOE/ISL1/MMP12/WFDC1/PLA2G10/HAVCR2/IL33",16
"GO:0071706","tumor necrosis factor superfamily cytokine production","13/212","169/15845",0.0769230769230769,5.74927431059506,7.22823332106301,4.47280884450914e-07,0.000159231994864525,0.000126494172935943,"CYBB/FCGR2B/LY96/IGF1/ISL1/LEP/LPL/TYROBP/HAVCR2/IL33/CD14/CD86/CD36",13
"GO:1903555","regulation of tumor necrosis factor superfamily cytokine production","13/212","169/15845",0.0769230769230769,5.74927431059506,7.22823332106301,4.47280884450914e-07,0.000159231994864525,0.000126494172935943,"CYBB/FCGR2B/LY96/IGF1/ISL1/LEP/LPL/TYROBP/HAVCR2/IL33/CD14/CD86/CD36",13
"GO:0045088","regulation of innate immune response","21/212","449/15845",0.0467706013363029,3.49566121780056,6.2471801930864,6.75950639724991e-07,0.000216574584967887,0.00017204722598474,"VSIG4/CTSS/A2M/FCGR2B/RFTN1/LY96/HLA-B/HLA-F/IFI16/APOE/LEP/MMP12/TLR7/PLA2G5/S100A8/TYROBP/CASP1/HAVCR2/FCN3/CD14/CD36",21
"GO:0050900","leukocyte migration","19/212","381/15845",0.0498687664041995,3.72721982865349,6.2748145735716,9.11556609937483e-07,0.000265511579839972,0.000210922859600845,"LYVE1/CCR7/GPR183/FCER1G/ITGB2/LEP/TREM1/PPBP/CXCL16/JAM2/RARRES2/S100A8/CCL2/BMP5/C3AR1/VEGFC/PLA2G7/IL33/CD34",19
"GO:0031349","positive regulation of defense response","22/212","500/15845",0.044,3.28858490566038,6.05546876615279,1.0069166062485e-06,0.00026884673386835,0.000213572311746393,"CCR7/CRH/CTSS/RFTN1/LY96/ALOX5AP/HLA-F/IFI16/IDO1/LPL/MMP12/TLR7/PLA2G5/S100A8/TYROBP/PLA2G7/CASP1/HAVCR2/FCN3/IL33/CD14/CD36",22
"GO:0032612","interleukin-1 production","10/212","105/15845",0.0952380952380952,7.11814914645103,7.32472845147355,1.41900788097649e-06,0.000324750089332049,0.000257982034300839,"CCR7/IFI16/IGF1/ISL1/LPL/NLRP2/TYROBP/CASP1/HAVCR2/CD36",10
"GO:0032652","regulation of interleukin-1 production","10/212","105/15845",0.0952380952380952,7.11814914645103,7.32472845147355,1.41900788097649e-06,0.000324750089332049,0.000257982034300839,"CCR7/IFI16/IGF1/ISL1/LPL/NLRP2/TYROBP/CASP1/HAVCR2/CD36",10
"GO:0001818","negative regulation of cytokine production","16/212","288/15845",0.0555555555555556,4.1522536687631,6.28685813209867,1.70804637424601e-06,0.000364838705538948,0.000289828500556271,"VSIG4/CCR7/FCGR2B/RGCC/HLA-F/IGF1/IDO1/INHA/SRGN/BST2/TYROBP/LAPTM5/PLA2G10/HAVCR2/IL33/CD34",16
"GO:0032640","tumor necrosis factor production","12/212","164/15845",0.0731707317073171,5.46882190520018,6.69895834319249,2.12328744649041e-06,0.000387459089479139,0.000307798172797344,"CYBB/FCGR2B/LY96/IGF1/ISL1/LEP/LPL/TYROBP/HAVCR2/IL33/CD14/CD36",12
"GO:0032680","regulation of tumor necrosis factor production","12/212","164/15845",0.0731707317073171,5.46882190520018,6.69895834319249,2.12328744649041e-06,0.000387459089479139,0.000307798172797344,"CYBB/FCGR2B/LY96/IGF1/ISL1/LEP/LPL/TYROBP/HAVCR2/IL33/CD14/CD36",12
"GO:0019882","antigen processing and presentation","10/212","110/15845",0.0909090909090909,6.79459691252144,7.10175005030399,2.17673645774797e-06,0.000387459089479139,0.000307798172797344,"CCR7/CTSS/FCER1G/FCGR2B/RFTN1/HLA-B/HLA-DMB/HLA-DRA/HLA-F/PSMB8",10
"GO:0070663","regulation of leukocyte proliferation","15/212","264/15845",0.0568181818181818,4.2466230703259,6.19462974314312,2.75899471994859e-06,0.000434182670323789,0.000344915466470504,"TNFSF13B/VSIG4/GPR183/FCGR2B/HLA-DMB/IGF1/IDO1/LEP/CD320/PLA2G5/BST2/TYROBP/HAVCR2/IL33/CD86",15
"GO:0032611","interleukin-1 beta production","9/212","89/15845",0.101123595505618,7.55803476786093,7.22478479750521,2.91966759895894e-06,0.000434182670323789,0.000344915466470504,"CCR7/IFI16/IGF1/ISL1/LPL/NLRP2/TYROBP/CASP1/CD36",9
"GO:0032651","regulation of interleukin-1 beta production","9/212","89/15845",0.101123595505618,7.55803476786093,7.22478479750521,2.91966759895894e-06,0.000434182670323789,0.000344915466470504,"CCR7/IFI16/IGF1/ISL1/LPL/NLRP2/TYROBP/CASP1/CD36",9
"GO:0032732","positive regulation of interleukin-1 production","8/212","67/15845",0.119402985074627,8.92424669107294,7.56917586738221,2.9812792594018e-06,0.000434182670323789,0.000344915466470504,"IFI16/ISL1/LPL/NLRP2/TYROBP/CASP1/HAVCR2/CD36",8
"GO:0002366","leukocyte activation involved in immune response","16/212","307/15845",0.0521172638436482,3.89527380001229,5.96541212905104,3.89988592723891e-06,0.000543271065690151,0.00043157547698232,"GPR183/FCER1G/FCGR2B/FOXF1/HLA-DMB/HLA-DRA/HLA-F/ITGB2/MFNG/PTGDS/STAT4/TYROBP/HAVCR2/IL33/CD86/ITM2A",16
"GO:0050727","regulation of inflammatory response","18/212","383/15845",0.0469973890339426,3.51261145869255,5.79656982801558,4.11036857892902e-06,0.000548734205287025,0.000435915404554841,"CCR7/FCGR2B/FOXF1/ALOX5AP/GPER1/IGF1/APOE/IDO1/ISL1/LPL/TLR7/NLRP2/WFDC1/S100A8/PLA2G7/CASP1/PLA2G10/IL33",18
"GO:0002263","cell activation involved in immune response","16/212","311/15845",0.0514469453376206,3.84517381544622,5.90101244649253,4.60093044975172e-06,0.00057024005387592,0.000452999687979491,"GPR183/FCER1G/FCGR2B/FOXF1/HLA-DMB/HLA-DRA/HLA-F/ITGB2/MFNG/PTGDS/STAT4/TYROBP/HAVCR2/IL33/CD86/ITM2A",16
"GO:0002274","myeloid leukocyte activation","14/212","241/15845",0.0580912863070539,4.34177562044939,6.08761278146567,4.62741616753244e-06,0.00057024005387592,0.000452999687979491,"DHRS2/VSIG4/FCER1G/FCGR2B/CD93/FOXF1/ITGB2/MT1G/PTGDS/C1QA/TYROBP/PLA2G10/HAVCR2/IL33",14
"GO:0032102","negative regulation of response to external stimulus","18/212","390/15845",0.0461538461538462,3.44956458635704,5.70382085724703,5.28357310264377e-06,0.000626984008180394,0.000498077183711214,"VSIG4/A2M/FCGR2B/FOXF1/GPER1/HLA-B/HLA-F/IFI16/IGF1/APOE/ISL1/MMP12/WFDC1/CCL2/VTN/PLA2G10/HAVCR2/IL33",18
"GO:0003197","endocardial cushion development","7/212","52/15845",0.134615384615385,10.0612300435414,7.62141646339842,5.58042753624703e-06,0.00063856035093341,0.000507273450475387,"ADAMTS5/FOXF1/HEYL/ISL1/BMP5/TBX2/ACVRL1",7
"GO:0002443","leukocyte mediated immunity","18/212","393/15845",0.0458015267175573,3.42323203226271,5.66471559080602,5.87286153300583e-06,0.000648849943163817,0.000515447520392309,"HCST/FCER1G/FCGR2B/FOXF1/RFTN1/HLA-B/HLA-DRA/HLA-F/ITGB2/LEP/TREM1/PTGDS/BST2/C1QA/C1QB/C2/TYROBP/HAVCR2",18
"GO:0006935","chemotaxis","19/212","436/15845",0.0435779816513761,3.25704301540592,5.56512644682153,6.56164962318796e-06,0.000700784179756474,0.000556704168030473,"CYSLTR1/CCR7/DEFB1/GPR183/FCER1G/FPR1/ITGB2/ENPP2/TREM1/PPBP/SEMA3G/CXCL16/RARRES2/S100A8/CCL2/C3AR1/VEGFC/PLA2G7/CCRL2",19
"GO:0042330","taxis","19/212","438/15845",0.04337899543379,3.24217067286982,5.54148121219152,7.00428938343258e-06,0.00072392719950058,0.00057508902306078,"CYSLTR1/CCR7/DEFB1/GPR183/FCER1G/FPR1/ITGB2/ENPP2/TREM1/PPBP/SEMA3G/CXCL16/RARRES2/S100A8/CCL2/C3AR1/VEGFC/PLA2G7/CCRL2",19
"GO:0034368","protein-lipid complex remodeling","6/212","37/15845",0.162162162162162,12.1200917899031,7.88587618341563,8.78923558843613e-06,0.000853354873495436,0.000677906591797084,"APOE/LPL/PLA2G5/PLTP/PLA2G7/PLA2G10",6
"GO:0034369","plasma lipoprotein particle remodeling","6/212","37/15845",0.162162162162162,12.1200917899031,7.88587618341563,8.78923558843613e-06,0.000853354873495436,0.000677906591797084,"APOE/LPL/PLA2G5/PLTP/PLA2G7/PLA2G10",6
"GO:0030595","leukocyte chemotaxis","13/212","223/15845",0.0582959641255605,4.35707335645994,5.87927980409741,9.8179920021053e-06,0.000925201363963099,0.000734981568454818,"CCR7/GPR183/FCER1G/ITGB2/TREM1/PPBP/CXCL16/RARRES2/S100A8/CCL2/C3AR1/VEGFC/PLA2G7",13
"GO:0032731","positive regulation of interleukin-1 beta production","7/212","57/15845",0.12280701754386,9.17866600463423,7.20336672655894,1.04213614152056e-05,0.000954001199266245,0.000757860207577956,"IFI16/ISL1/LPL/NLRP2/TYROBP/CASP1/CD36",7
"GO:0072132","mesenchyme morphogenesis","7/212","58/15845",0.120689655172414,9.02041314248536,7.12590643494572,1.17184296169577e-05,0.00101710334813805,0.000807988664103361,"ADAMTS5/FOXF1/HEYL/ISL1/BMP5/TBX2/ACVRL1",7
"GO:0002478","antigen processing and presentation of exogenous peptide antigen","6/212","39/15845",0.153846153846154,11.4985486211901,7.64415988188341,1.20630234797896e-05,0.00101710334813805,0.000807988664103361,"CTSS/FCER1G/FCGR2B/HLA-DMB/HLA-DRA/HLA-F",6
"GO:0034367","protein-containing complex remodeling","6/212","39/15845",0.153846153846154,11.4985486211901,7.64415988188341,1.20630234797896e-05,0.00101710334813805,0.000807988664103361,"APOE/LPL/PLA2G5/PLTP/PLA2G7/PLA2G10",6
"GO:0042116","macrophage activation","9/212","106/15845",0.0849056603773585,6.34589711641153,6.43078728926184,1.23989705385675e-05,0.00101862311809155,0.000809195971990722,"VSIG4/FCGR2B/CD93/ITGB2/C1QA/TYROBP/PLA2G10/HAVCR2/IL33",9
"GO:0002250","adaptive immune response","19/212","458/15845",0.0414847161572052,3.10059116750433,5.31222523475026,1.31601842942214e-05,0.00105413076196713,0.000837403305879668,"TNFSF13B/CTSS/GPR183/FCER1G/FCGR2B/RFTN1/HLA-B/HLA-DMB/HLA-DRA/HLA-F/TREM1/STAT4/C1QA/C1QB/C2/HAVCR2/IL33/CD4/CD86",19
"GO:0003203","endocardial cushion morphogenesis","6/212","41/15845",0.146341463414634,10.9376438104004,7.4194383026867,1.62583968567084e-05,0.00127053423241204,0.00100931459819053,"ADAMTS5/HEYL/ISL1/BMP5/TBX2/ACVRL1",6
"GO:0050670","regulation of lymphocyte proliferation","13/212","236/15845",0.0550847457627119,4.11706507834986,5.61815237828275,1.7968568372025e-05,0.00137074507295162,0.00108892226374828,"TNFSF13B/VSIG4/GPR183/FCGR2B/HLA-DMB/IGF1/IDO1/LEP/CD320/PLA2G5/TYROBP/HAVCR2/CD86",13
"GO:0032944","regulation of mononuclear cell proliferation","13/212","241/15845",0.0539419087136929,4.03164879041729,5.52266400308989,2.2415778406156e-05,0.00161077352606461,0.0012796012832723,"TNFSF13B/VSIG4/GPR183/FCGR2B/HLA-DMB/IGF1/IDO1/LEP/CD320/PLA2G5/TYROBP/HAVCR2/CD86",13
"GO:0032615","interleukin-12 production","7/212","64/15845",0.109375,8.17474941037736,6.69743716394941,2.26232236806827e-05,0.00161077352606461,0.0012796012832723,"CCR7/HLA-B/IDO1/ISL1/LEP/LAPTM5/CD36",7
"GO:0032655","regulation of interleukin-12 production","7/212","64/15845",0.109375,8.17474941037736,6.69743716394941,2.26232236806827e-05,0.00161077352606461,0.0012796012832723,"CCR7/HLA-B/IDO1/ISL1/LEP/LAPTM5/CD36",7
"GO:0051047","positive regulation of secretion","15/212","316/15845",0.0474683544303797,3.54781167900645,5.32743676868707,2.37805640090487e-05,0.00165636798010852,0.00131582159665628,"CRH/GPER1/RGCC/HLA-F/IGF1/INHA/ISL1/ITGB2/LEP/NNAT/P2RY1/S100A8/VEGFC/PLA2G10/ECRG4",15
"GO:0032735","positive regulation of interleukin-12 production","6/212","44/15845",0.136363636363636,10.1918953687822,7.10997882368967,2.46862222363751e-05,0.0016828650222414,0.00133687089289037,"CCR7/IDO1/ISL1/LEP/LAPTM5/CD36",6
"GO:0015908","fatty acid transport","9/212","117/15845",0.0769230769230769,5.74927431059506,6.00430325174979,2.74728730661659e-05,0.00177680456513597,0.00141149662872028,"SLCO2B1/RBP7/SLCO4A1/SLC27A6/APOE/LEP/PLA2G5/PLA2G10/CD36",9
"GO:0048002","antigen processing and presentation of peptide antigen","7/212","66/15845",0.106060606060606,7.92702973127501,6.5668706925865,2.77279114409484e-05,0.00177680456513597,0.00141149662872028,"CTSS/FCER1G/FCGR2B/HLA-B/HLA-DMB/HLA-DRA/HLA-F",7
"GO:0050766","positive regulation of phagocytosis","7/212","66/15845",0.106060606060606,7.92702973127501,6.5668706925865,2.77279114409484e-05,0.00177680456513597,0.00141149662872028,"FCER1G/FCGR2B/PLA2G5/CCL2/C2/FCN3/CD36",7
"GO:0098754","detoxification","10/212","147/15845",0.0680272108843537,5.08439224746502,5.79352828464594,2.86993712785566e-05,0.00180299579561756,0.00143230298764809,"ALOX5AP/HBB/HBE1/APOE/MGST1/MT1F/MT1G/MT1X/SLC22A3/CD36",10
"GO:0071621","granulocyte chemotaxis","9/212","119/15845",0.0756302521008403,5.65264785159347,5.93258147666006,3.14424487525513e-05,0.00193733857313797,0.0015390251231512,"CCR7/FCER1G/ITGB2/TREM1/PPBP/RARRES2/S100A8/CCL2/C3AR1",9
"GO:0022407","regulation of cell-cell adhesion","19/212","490/15845",0.0387755102040816,2.89810358105506,4.97018119168082,3.34147452998214e-05,0.00202001592340807,0.00160470415362399,"FSTL3/PDPN/TNFSF13B/VSIG4/CCR7/RGCC/HLA-DMB/HLA-DRA/IGF1/IDO1/ITGB2/LEP/EPCAM/PLA2G5/CCL2/LAPTM5/HAVCR2/CD4/CD86",19
"GO:0042742","defense response to bacterium","14/212","288/15845",0.0486111111111111,3.63322196016771,5.25170073016268,3.4431475258655e-05,0.0020429341986802,0.0016229104712559,"ADAMTS5/DEFB1/FCER1G/TREM1/PPBP/RARRES2/RNASE1/RNASE4/S100A8/CASP1/HAVCR2/IL33/CD4/CD36",14
"GO:0045807","positive regulation of endocytosis","10/212","151/15845",0.0662251655629139,4.94970636011496,5.67891858090283,3.61440072228267e-05,0.00210555271167158,0.00167265472659895,"FCER1G/FCGR2B/APOE/PLA2G5/CCL2/C2/VTN/FCN3/CD14/CD36",10
"GO:0019886","antigen processing and presentation of exogenous peptide antigen via MHC class II","5/212","29/15845",0.172413793103448,12.8863044892648,7.46065066986746,3.73879901758931e-05,0.00211265770458725,0.001678298945296,"CTSS/FCER1G/FCGR2B/HLA-DMB/HLA-DRA",5
"GO:0032635","interleukin-6 production","10/212","152/15845",0.0657894736842105,4.91714250248262,5.65089660580046,3.82441157509552e-05,0.00211265770458725,0.001678298945296,"HLA-B/ISL1/LEP/LPL/TLR7/TYROBP/AFAP1L2/HAVCR2/IL33/CD36",10
"GO:0032675","regulation of interleukin-6 production","10/212","152/15845",0.0657894736842105,4.91714250248262,5.65089660580046,3.82441157509552e-05,0.00211265770458725,0.001678298945296,"HLA-B/ISL1/LEP/LPL/TLR7/TYROBP/AFAP1L2/HAVCR2/IL33/CD36",10
"GO:1903532","positive regulation of secretion by cell","14/212","292/15845",0.0479452054794521,3.5834517963298,5.18876361236389,4.00314156798373e-05,0.00215596585350424,0.00171270301392117,"CRH/GPER1/RGCC/HLA-F/IGF1/INHA/ISL1/ITGB2/LEP/NNAT/P2RY1/VEGFC/PLA2G10/ECRG4",14
"GO:0007159","leukocyte cell-cell adhesion","17/212","412/15845",0.0412621359223301,3.08395539476095,4.9910397916628,4.07290612294809e-05,0.00215596585350424,0.00171270301392117,"TNFSF13B/VSIG4/CCR7/HLA-DMB/HLA-DRA/IGF1/IDO1/ITGB2/LEP/PLA2G5/JAM2/S100A8/CCL2/LAPTM5/HAVCR2/CD4/CD86",17
"GO:0019884","antigen processing and presentation of exogenous antigen","6/212","48/15845",0.125,9.34257075471698,6.74081474342064,4.10467905941818e-05,0.00215596585350424,0.00171270301392117,"CTSS/FCER1G/FCGR2B/HLA-DMB/HLA-DRA/HLA-F",6
"GO:0002699","positive regulation of immune effector process","13/212","256/15845",0.05078125,3.79541936910377,5.25093941594413,4.20497804967142e-05,0.00217302414050762,0.00172625414670722,"HLA-B/HLA-DMB/HLA-DRA/HLA-F/ITGB2/TLR7/PLA2G5/TYROBP/LAPTM5/FCN3/IL33/CD86/CD36",13
"GO:0070661","leukocyte proliferation","15/212","334/15845",0.0449101796407186,3.35661224720371,5.06898082333956,4.50165316572408e-05,0.00227584430073654,0.00180793466035251,"TNFSF13B/VSIG4/GPR183/FCGR2B/HLA-DMB/IGF1/IDO1/LEP/CD320/PLA2G5/BST2/TYROBP/HAVCR2/IL33/CD86",15
"GO:0002285","lymphocyte activation involved in immune response","12/212","222/15845",0.0540540540540541,4.04003059663437,5.31191857044839,4.55583427728333e-05,0.00227584430073654,0.00180793466035251,"GPR183/FCER1G/FCGR2B/HLA-DMB/HLA-DRA/HLA-F/MFNG/STAT4/TYROBP/HAVCR2/CD86/ITM2A",12
"GO:0060326","cell chemotaxis","14/212","296/15845",0.0472972972972973,3.53502677205507,5.12691783436001,4.64145153501451e-05,0.00227584430073654,0.00180793466035251,"CCR7/GPR183/FCER1G/ITGB2/TREM1/PPBP/CXCL16/RARRES2/S100A8/CCL2/C3AR1/VEGFC/PLA2G7/CCRL2",14
"GO:0070664","negative regulation of leukocyte proliferation","8/212","97/15845",0.0824742268041237,6.16417039486481,5.94090915024738,4.68806878428876e-05,0.00227584430073654,0.00180793466035251,"VSIG4/FCGR2B/IDO1/PLA2G5/TYROBP/HAVCR2/IL33/CD86",8
"GO:0034374","low-density lipoprotein particle remodeling","4/212","16/15845",0.25,18.685141509434,8.24177917973709,4.99731834598102e-05,0.00235461882066518,0.00187051327563191,"APOE/PLA2G5/PLA2G7/PLA2G10",4
"GO:0034638","phosphatidylcholine catabolic process","4/212","16/15845",0.25,18.685141509434,8.24177917973709,4.99731834598102e-05,0.00235461882066518,0.00187051327563191,"ENPP2/PLA2G5/PLA2G7/PLA2G10",4
"GO:0006909","phagocytosis","12/212","226/15845",0.0530973451327434,3.96852563032226,5.23416722273069,5.416743641658e-05,0.00251525313447424,0.00199812145316995,"FCER1G/FCGR2B/CD93/ITGB2/LEP/PLA2G5/CCL2/C2/TYROBP/FCN3/CD14/CD36",12
"GO:0055094","response to lipoprotein particle","5/212","32/15845",0.15625,11.6782134433962,7.0411830470991,6.13646610654792e-05,0.00280874820076851,0.00223127444295231,"FCER1G/APOE/ITGB2/LPL/CD36",5
"GO:0046456","icosanoid biosynthetic process","6/212","52/15845",0.115384615384615,8.6239114658926,6.41248528979371,6.51352588569928e-05,0.00293934323067331,0.00233501936124846,"ALOX5AP/HPGDS/PLA2G5/PTGDS/CASP1/PLA2G10",6
"GO:0002698","negative regulation of immune effector process","9/212","132/15845",0.0681818181818182,5.09594768439108,5.50289206702656,7.10193424296855e-05,0.0031031310293314,0.00246513267262085,"VSIG4/A2M/FCGR2B/FOXF1/HLA-B/HLA-F/BST2/HAVCR2/IL33",9
"GO:0002495","antigen processing and presentation of peptide antigen via MHC class II","5/212","33/15845",0.151515151515152,11.3243281875357,6.91360482151415,7.15407909230692e-05,0.0031031310293314,0.00246513267262085,"CTSS/FCER1G/FCGR2B/HLA-DMB/HLA-DRA",5
"GO:0070372","regulation of ERK1 and ERK2 cascade","13/212","270/15845",0.0481481481481481,3.59861984626136,5.01521769034252,7.25040814472516e-05,0.0031031310293314,0.00246513267262085,"SPRY1/CCR7/GPR183/GPER1/IGF1/APOE/P2RY1/PLA2G5/PSCA/FAM83D/HAVCR2/CD4/CD36",13
"GO:0071827","plasma lipoprotein particle organization","6/212","53/15845",0.113207547169811,8.46119615521538,6.33588094913513,7.26388349562595e-05,0.0031031310293314,0.00246513267262085,"APOE/LPL/PLA2G5/PLTP/PLA2G7/PLA2G10",6
"GO:0060485","mesenchyme development","14/212","309/15845",0.0453074433656958,3.38630396287476,4.93303934449781,7.37272992342674e-05,0.0031081877203499,0.00246914971673765,"SPRY1/PDPN/ADAMTS5/FOXF1/HEYL/RGCC/IGF1/ISL1/SEMA3G/BMP5/TBX2/TCF21/FAM83D/ACVRL1",14
"GO:0002460","adaptive immune response based on somatic recombination of immune receptors built from immunoglobulin superfamily domains","14/212","310/15845",0.0451612903225806,3.3753804017042,4.91855543462619,7.63151391285223e-05,0.0031755026723089,0.00252262483134336,"TNFSF13B/FCER1G/FCGR2B/RFTN1/HLA-B/HLA-DRA/HLA-F/STAT4/C1QA/C1QB/C2/HAVCR2/IL33/CD4",14
"GO:0002286","T cell activation involved in immune response","9/212","134/15845",0.0671641791044776,5.01988876372853,5.44181412944742,7.98027389369042e-05,0.00327805096863899,0.00260408937583582,"GPR183/FCER1G/FCGR2B/HLA-DMB/HLA-DRA/STAT4/TYROBP/HAVCR2/CD86",9
"GO:0010744","positive regulation of macrophage derived foam cell differentiation","4/212","18/15845",0.222222222222222,16.6090146750524,7.71598942367158,8.22735961749384e-05,0.0033367671157532,0.00265073358495671,"LPL/PLA2G5/PLA2G10/CD36",4
"GO:0002237","response to molecule of bacterial origin","15/212","354/15845",0.0423728813559322,3.1669731371922,4.80169549225824,8.67441230436386e-05,0.00347410212789773,0.00275983275683576,"CCR7/DIO2/FCGR2B/LY96/IDO1/PPBP/S100A8/CCL2/C2/CASP1/HAVCR2/CD14/CD86/LY86/CD36",15
"GO:0097006","regulation of plasma lipoprotein particle levels","7/212","79/15845",0.0886075949367089,6.62258180081204,5.83401780816362,8.91225159474315e-05,0.00350525100190913,0.00278457747638356,"APOE/LPL/PLA2G5/PLTP/PLA2G7/PLA2G10/CD36",7
"GO:0071825","protein-lipid complex organization","6/212","55/15845",0.109090909090909,8.15351629502573,6.18855184897322,8.97099195245159e-05,0.00350525100190913,0.00278457747638356,"APOE/LPL/PLA2G5/PLTP/PLA2G7/PLA2G10",6
"GO:0002504","antigen processing and presentation of peptide or polysaccharide antigen via MHC class II","5/212","35/15845",0.142857142857143,10.6772237196765,6.6741820996731,9.57512546646672e-05,0.00367012087220889,0.00291555038734512,"CTSS/FCER1G/FCGR2B/HLA-DMB/HLA-DRA",5
"GO:0002833","positive regulation of response to biotic stimulus","16/212","399/15845",0.0401002506265664,2.99711543008465,4.70501251658415,9.62203973987348e-05,0.00367012087220889,0.00291555038734512,"CTSS/RFTN1/LY96/HLA-F/IFI16/MMP12/TLR7/PLA2G5/S100A8/TYROBP/CASP1/HAVCR2/FCN3/CD14/LY86/CD36",16
"GO:0001909","leukocyte mediated cytotoxicity","9/212","138/15845",0.0652173913043478,4.87438474159147,5.32322533385458,0.000100127814255058,0.00377422961027301,0.00299825454945796,"HCST/FCGR2B/HLA-B/HLA-DRA/HLA-F/LEP/TREM1/TYROBP/HAVCR2",9
"GO:0002757","immune response-activating signaling pathway","18/212","488/15845",0.0368852459016393,2.7568241571296,4.5905444480155,0.000102303714631736,0.00380562559559388,0.00302319557465865,"CCR7/CTSS/FCER1G/FCGR2B/RFTN1/FPR1/LY96/IFI16/TLR7/S100A8/C3AR1/TYROBP/LAPTM5/CASP1/HAVCR2/FCN3/CD14/CD36",18
"GO:0007599","hemostasis","12/212","242/15845",0.0495867768595041,3.70614377046624,4.94007654177797,0.000104203283729035,0.00380562559559388,0.00302319557465865,"PROCR/PDPN/F13A1/FCER1G/FLI1/HBB/APOE/P2RY1/SERPINA1/VTN/VWF/CD36",12
"GO:0030593","neutrophil chemotaxis","7/212","81/15845",0.0864197530864197,6.45906126252038,5.73596440727565,0.000104524048817809,0.00380562559559388,0.00302319557465865,"CCR7/FCER1G/ITGB2/TREM1/PPBP/S100A8/C3AR1",7
"GO:0015718","monocarboxylic acid transport","10/212","175/15845",0.0571428571428571,4.27088948787062,5.06675121777784,0.000124904447592347,0.00449656011332451,0.00357207515408984,"SLCO2B1/RBP7/SLCO4A1/SLC27A6/APOE/LEP/PLA2G5/SLC22A3/PLA2G10/CD36",10
"GO:0045089","positive regulation of innate immune response","15/212","369/15845",0.040650406504065,3.03823439177788,4.61335772123139,0.000137262193638581,0.00488653409353349,0.00388187116044549,"CTSS/RFTN1/LY96/HLA-F/IFI16/MMP12/TLR7/PLA2G5/S100A8/TYROBP/CASP1/HAVCR2/FCN3/CD14/CD36",15
"GO:0071402","cellular response to lipoprotein particle stimulus","5/212","38/15845",0.131578947368421,9.83428500496524,6.34918031470969,0.000143305020989437,0.00504559656318854,0.00400823066226096,"FCER1G/APOE/ITGB2/LPL/CD36",5
"GO:0097530","granulocyte migration","9/212","146/15845",0.0616438356164384,4.60729516670974,5.09919119766829,0.000153952434256096,0.00536156086257099,0.00425923324978535,"CCR7/FCER1G/ITGB2/TREM1/PPBP/RARRES2/S100A8/CCL2/C3AR1",9
"GO:0046651","lymphocyte proliferation","13/212","292/15845",0.0445205479452055,3.32749095373481,4.6746761004027,0.000158744653898897,0.00540615338218996,0.00429465762472414,"TNFSF13B/VSIG4/GPR183/FCGR2B/HLA-DMB/IGF1/IDO1/LEP/CD320/PLA2G5/TYROBP/HAVCR2/CD86",13
"GO:1903037","regulation of leukocyte cell-cell adhesion","15/212","374/15845",0.0401069518716578,2.99761628493593,4.55268771185428,0.000159022595454389,0.00540615338218996,0.00429465762472414,"TNFSF13B/VSIG4/CCR7/HLA-DMB/HLA-DRA/IGF1/IDO1/ITGB2/LEP/PLA2G5/CCL2/LAPTM5/HAVCR2/CD4/CD86",15
"GO:0050866","negative regulation of cell activation","11/212","216/15845",0.0509259259259259,3.80623252969951,4.83575309019698,0.000160294810021238,0.00540615338218996,0.00429465762472414,"VSIG4/FCGR2B/GPER1/APOE/IDO1/INHA/PLA2G5/TYROBP/LAPTM5/HAVCR2/CD86",11
"GO:0070371","ERK1 and ERK2 cascade","13/212","293/15845",0.0443686006825939,3.31613432931934,4.65997528593056,0.000164185818160959,0.005479701681122,0.00435308452097805,"SPRY1/CCR7/GPR183/GPER1/IGF1/APOE/P2RY1/PLA2G5/PSCA/FAM83D/HAVCR2/CD4/CD36",13
"GO:0050672","negative regulation of lymphocyte proliferation","7/212","88/15845",0.0795454545454545,5.94527229845626,5.41718867452452,0.000176359401767039,0.00582531467279994,0.0046276400810928,"VSIG4/FCGR2B/IDO1/PLA2G5/TYROBP/HAVCR2/CD86",7
"GO:0032496","response to lipopolysaccharide","14/212","337/15845",0.0415430267062315,3.10494933094452,4.54839196737359,0.000183467817631601,0.00587380388590148,0.00466615999609363,"CCR7/DIO2/LY96/IDO1/PPBP/S100A8/CCL2/C2/CASP1/HAVCR2/CD14/CD86/LY86/CD36",14
"GO:0043277","apoptotic cell clearance","5/212","40/15845",0.125,9.34257075471698,6.15193626740108,0.00018382970693714,0.00587380388590148,0.00466615999609363,"CCL2/C2/TYROBP/FCN3/CD36",5
"GO:0032609","type II interferon production","8/212","118/15845",0.0677966101694915,5.06715701950751,5.16402318016789,0.000186790369522181,0.00587380388590148,0.00466615999609363,"CCR7/INHA/ISL1/TLR7/LAPTM5/HAVCR2/IL33/CD14",8
"GO:0032649","regulation of type II interferon production","8/212","118/15845",0.0677966101694915,5.06715701950751,5.16402318016789,0.000186790369522181,0.00587380388590148,0.00466615999609363,"CCR7/INHA/ISL1/TLR7/LAPTM5/HAVCR2/IL33/CD14",8
"GO:0070374","positive regulation of ERK1 and ERK2 cascade","10/212","184/15845",0.0543478260869565,4.06198728465956,4.86498754781757,0.000188317797863922,0.00587380388590148,0.00466615999609363,"CCR7/GPR183/GPER1/IGF1/APOE/P2RY1/PLA2G5/HAVCR2/CD4/CD36",10
"GO:0050729","positive regulation of inflammatory response","9/212","150/15845",0.06,4.48443396226415,4.99317044232214,0.000188827028791465,0.00587380388590148,0.00466615999609363,"CCR7/ALOX5AP/IDO1/LPL/TLR7/S100A8/PLA2G7/CASP1/IL33",9
"GO:0032945","negative regulation of mononuclear cell proliferation","7/212","90/15845",0.0777777777777778,5.81315513626834,5.33238004241409,0.000202937284710587,0.0062520294251223,0.00496662302054857,"VSIG4/FCGR2B/IDO1/PLA2G5/TYROBP/HAVCR2/CD86",7
"GO:0032943","mononuclear cell proliferation","13/212","300/15845",0.0433333333333333,3.23875786163522,4.55881083174576,0.000206967884814447,0.0063154771709094,0.00501702601986297,"TNFSF13B/VSIG4/GPR183/FCGR2B/HLA-DMB/IGF1/IDO1/LEP/CD320/PLA2G5/TYROBP/HAVCR2/CD86",13
"GO:0007263","nitric oxide mediated signal transduction","4/212","23/15845",0.173913043478261,12.9983593109106,6.70554798655976,0.00022591439913135,0.0068285824039325,0.00542463770704672,"FPR1/GUCY1A1/APOE/CD36",4
"GO:0097529","myeloid leukocyte migration","11/212","225/15845",0.0488888888888889,3.65398322851153,4.66904545246886,0.000228643168132642,0.00683887631975016,0.00543281521162885,"CCR7/FCER1G/ITGB2/TREM1/PPBP/RARRES2/S100A8/CCL2/C3AR1/VEGFC/PLA2G7",11
"GO:0042060","wound healing","16/212","431/15845",0.037122969837587,2.77459177866305,4.34969300665046,0.000232320697754121,0.00683887631975016,0.00543281521162885,"PROCR/PDPN/F13A1/FCER1G/HBB/IGF1/APOE/MMP12/P2RY1/SERPINA1/WFDC1/VTN/VWF/ACVRL1/CD34/CD36",16
"GO:0045824","negative regulation of innate immune response","7/212","92/15845",0.0760869565217391,5.68678219852338,5.25008376061378,0.000232658401639441,0.00683887631975016,0.00543281521162885,"VSIG4/A2M/HLA-B/HLA-F/IFI16/MMP12/HAVCR2",7
"GO:0031960","response to corticosteroid","9/212","155/15845",0.0580645161290323,4.33977480219111,4.86576067836517,0.000241440266687193,0.00703249649514332,0.00558662741482902,"CRH/CYBB/A2M/GPER1/IGFBP7/ISL1/PAPPA/PTGDS/TBX2",9
"GO:0001910","regulation of leukocyte mediated cytotoxicity","7/212","93/15845",0.0752688172043011,5.62563400284033,5.20983624620321,0.000248781108369705,0.00705650959863835,0.00560570346590036,"FCGR2B/HLA-B/HLA-DRA/HLA-F/LEP/TYROBP/HAVCR2",7
"GO:0032623","interleukin-2 production","6/212","66/15845",0.0909090909090909,6.79459691252144,5.49331677737512,0.000248871905320266,0.00705650959863835,0.00560570346590036,"VSIG4/LAPTM5/HAVCR2/CD4/CD86/CD34",6
"GO:0032663","regulation of interleukin-2 production","6/212","66/15845",0.0909090909090909,6.79459691252144,5.49331677737512,0.000248871905320266,0.00705650959863835,0.00560570346590036,"VSIG4/LAPTM5/HAVCR2/CD4/CD86/CD34",6
"GO:0038060","nitric oxide-cGMP-mediated signaling","3/212","10/15845",0.3,22.4221698113208,7.89102841286125,0.00026439351129602,0.00740518038500178,0.00588268814341754,"GUCY1A1/APOE/CD36",3
"GO:0050764","regulation of phagocytosis","7/212","94/15845",0.074468085106383,5.56578683259735,5.17016824276344,0.000265791430797505,0.00740518038500178,0.00588268814341754,"FCER1G/FCGR2B/PLA2G5/CCL2/C2/FCN3/CD36",7
"GO:0071276","cellular response to cadmium ion","4/212","24/15845",0.166666666666667,12.4567610062893,6.54078227023184,0.00026827121100091,0.00740983586247342,0.00588638646279674,"CYBB/MT1F/MT1G/MT1X",4
"GO:0002275","myeloid cell activation involved in immune response","7/212","95/15845",0.0736842105263158,5.50719960278054,5.13106478770802,0.000283725063013845,0.0077697017256099,0.00617226452872223,"FCER1G/FOXF1/ITGB2/PTGDS/TYROBP/HAVCR2/IL33",7
"GO:0002695","negative regulation of leukocyte activation","10/212","194/15845",0.0515463917525773,3.85260649679051,4.65533426184626,0.000288582737029782,0.00783575499528325,0.00622473736073161,"VSIG4/FCGR2B/GPER1/IDO1/INHA/PLA2G5/TYROBP/LAPTM5/HAVCR2/CD86",10
"GO:0120178","steroid hormone biosynthetic process","5/212","45/15845",0.111111111111111,8.30450733752621,5.71409986787098,0.000323322439584672,0.0087052529111705,0.00691546801340767,"CRH/DKK3/HSD3B2/HSD17B2/BMP5",5
"GO:0007596","blood coagulation","11/212","235/15845",0.0468085106382979,3.49849458048976,4.49355513474525,0.000332049331818445,0.00886571715955248,0.00704294109067543,"PROCR/PDPN/F13A1/FCER1G/HBB/APOE/P2RY1/SERPINA1/VTN/VWF/CD36",11
"GO:0070665","positive regulation of leukocyte proliferation","9/212","162/15845",0.0555555555555556,4.1522536687631,4.69616425189342,0.000335062970199462,0.00887224592164527,0.00704812755060722,"TNFSF13B/GPR183/HLA-DMB/IGF1/LEP/CD320/BST2/HAVCR2/CD86",9
"GO:0002696","positive regulation of leukocyte activation","14/212","359/15845",0.0389972144846797,2.91467388447995,4.27318400296151,0.000349653066337121,0.00918269200446012,0.00729474645731801,"TNFSF13B/CCR7/GPR183/HLA-DMB/HLA-DRA/IGF1/LEP/CD320/CCL2/TYROBP/HAVCR2/IL33/CD4/CD86",14
"GO:0031666","positive regulation of lipopolysaccharide-mediated signaling pathway","3/212","11/15845",0.272727272727273,20.3837907375643,7.48891529250016,0.000359959621927842,0.0093765091760716,0.00744871515465574,"LY96/CD14/LY86",3
"GO:0032755","positive regulation of interleukin-6 production","7/212","99/15845",0.0707070707070707,5.28468648751668,4.98001564391202,0.000365436225510372,0.00944240053657446,0.00750105936573923,"ISL1/LEP/LPL/TLR7/TYROBP/IL33/CD36",7
"GO:0032753","positive regulation of interleukin-4 production","4/212","26/15845",0.153846153846154,11.4985486211901,6.23886528745053,0.000369614472603233,0.00947395816176607,0.00752612879793362,"FCER1G/HAVCR2/IL33/CD86",4
"GO:0050817","coagulation","11/212","239/15845",0.0460251046025105,3.43994236993763,4.42600501052232,0.000383224970970122,0.00967439791948022,0.00768535848915933,"PROCR/PDPN/F13A1/FCER1G/HBB/APOE/P2RY1/SERPINA1/VTN/VWF/CD36",11
"GO:0051250","negative regulation of lymphocyte activation","9/212","165/15845",0.0545454545454545,4.07675814751286,4.62638195805554,0.000383473325772156,0.00967439791948022,0.00768535848915933,"VSIG4/FCGR2B/IDO1/INHA/PLA2G5/TYROBP/LAPTM5/HAVCR2/CD86",9
"GO:0002573","myeloid leukocyte differentiation","11/212","240/15845",0.0458333333333333,3.42560927672956,4.40934177171713,0.000397006230269667,0.00980368409836838,0.00778806365393743,"DHRS2/FSTL3/CCR7/GPR183/IFI16/INHA/MT1G/TYROBP/IL33/CD4/MAFB",11
"GO:0097028","dendritic cell differentiation","5/212","47/15845",0.106382978723404,7.95112404656764,5.55753359170582,0.000397241346714959,0.00980368409836838,0.00778806365393743,"DHRS2/CCR7/FCGR2B/HLA-B/TMEM176A",5
"GO:0045766","positive regulation of angiogenesis","9/212","166/15845",0.0542168674698795,4.0521993634917,4.60348725156501,0.000400837271187971,0.00980368409836838,0.00778806365393743,"CYSLTR1/CYBB/ISL1/ITGB2/C3AR1/VEGFC/TNFSF12/ACVRL1/CD34",9
"GO:0050728","negative regulation of inflammatory response","9/212","166/15845",0.0542168674698795,4.0521993634917,4.60348725156501,0.000400837271187971,0.00980368409836838,0.00778806365393743,"FCGR2B/FOXF1/GPER1/IGF1/APOE/ISL1/WFDC1/PLA2G10/IL33",9
"GO:0002758","innate immune response-activating signaling pathway","12/212","282/15845",0.0425531914893617,3.18044961862706,4.30232421760853,0.000426722506923619,0.0103577190316915,0.00822818996603915,"CTSS/RFTN1/LY96/IFI16/TLR7/S100A8/TYROBP/CASP1/HAVCR2/FCN3/CD14/CD36",12
"GO:1904018","positive regulation of vasculature development","9/212","169/15845",0.0532544378698225,3.98026683041197,4.53586434482945,0.00045685990463565,0.0110058581537791,0.00874307280893552,"CYSLTR1/CYBB/ISL1/ITGB2/C3AR1/VEGFC/TNFSF12/ACVRL1/CD34",9
"GO:0031341","regulation of cell killing","7/212","103/15845",0.0679611650485437,5.07945594431215,4.83693319367126,0.000464996188405855,0.0111182670720325,0.00883237064858882,"FCGR2B/HLA-B/HLA-DRA/HLA-F/LEP/TYROBP/HAVCR2",7
"GO:0032276","regulation of gonadotropin secretion","3/212","12/15845",0.25,18.685141509434,7.13668847576688,0.00047522091103037,0.0112785762884541,0.00895972056819831,"CRH/INHA/LEP",3
"GO:1904645","response to amyloid-beta","5/212","49/15845",0.102040816326531,7.62658837119754,5.40995502788904,0.000483250490068317,0.0113104858988093,0.00898506961801725,"FCGR2B/IGF1/MMP12/TYROBP/CD36",5
"GO:0022409","positive regulation of cell-cell adhesion","13/212","328/15845",0.0396341463414634,2.96227853198343,4.1818926261187,0.000487155759686543,0.0113104858988093,0.00898506961801725,"FSTL3/PDPN/TNFSF13B/CCR7/HLA-DMB/HLA-DRA/IGF1/ITGB2/LEP/CCL2/HAVCR2/CD4/CD86",13
"GO:0051251","positive regulation of lymphocyte activation","13/212","328/15845",0.0396341463414634,2.96227853198343,4.1818926261187,0.000487155759686543,0.0113104858988093,0.00898506961801725,"TNFSF13B/CCR7/GPR183/HLA-DMB/HLA-DRA/IGF1/LEP/CD320/CCL2/TYROBP/HAVCR2/CD4/CD86",13
"GO:1990266","neutrophil migration","7/212","104/15845",0.0673076923076923,5.03061502177068,4.80231908279648,0.00049298562652894,0.0113634960244512,0.00902718095378248,"CCR7/FCER1G/ITGB2/TREM1/PPBP/S100A8/C3AR1",7
"GO:0002704","negative regulation of leukocyte mediated immunity","6/212","75/15845",0.08,5.97924528301887,5.03335415382138,0.000499254180467811,0.0114257885301348,0.00907666622835465,"FCGR2B/FOXF1/HLA-B/HLA-F/BST2/HAVCR2",6
"GO:0009636","response to toxic substance","11/212","249/15845",0.0441767068273092,3.3017920739562,4.26322578490956,0.00054087351228013,0.0122904874705357,0.00976358456657973,"DHRS2/ALOX5AP/HBB/HBE1/APOE/MGST1/MT1F/MT1G/MT1X/SLC22A3/CD36",11
"GO:0050867","positive regulation of cell activation","14/212","377/15845",0.0371352785145889,2.77551173614934,4.06308889415234,0.000568939703667051,0.0127501630292278,0.0101287516277919,"TNFSF13B/CCR7/GPR183/HLA-DMB/HLA-DRA/IGF1/LEP/CD320/CCL2/TYROBP/HAVCR2/IL33/CD4/CD86",14
"GO:0032703","negative regulation of interleukin-2 production","4/212","29/15845",0.137931034482759,10.3090435914118,5.84298697453172,0.000569061583389382,0.0127501630292278,0.0101287516277919,"VSIG4/LAPTM5/HAVCR2/CD34",4
"GO:0045765","regulation of angiogenesis","12/212","292/15845",0.0410958904109589,3.07153011113983,4.16058858844151,0.000581876792738196,0.0128400412825292,0.0102001510681239,"CYSLTR1/CYBB/RGCC/ISL1/ITGB2/LEP/C3AR1/VEGFC/TNFSF12/ACVRL1/CD34/CD36",12
"GO:0010043","response to zinc ion","5/212","51/15845",0.0980392156862745,7.32750647428783,5.27048768377059,0.000582571800549559,0.0128400412825292,0.0102001510681239,"CRIP1/MT1F/MT1G/MT1X/S100A8",5
"GO:1905954","positive regulation of lipid localization","7/212","107/15845",0.0654205607476635,4.88956974078646,4.70108241203122,0.000585095514122739,0.0128400412825292,0.0102001510681239,"CRH/APOE/LPL/PLTP/PLA2G10/ECRG4/CD36",7
"GO:0043301","negative regulation of leukocyte degranulation","3/212","13/15845",0.230769230769231,17.2478229317852,6.82461484410001,0.000611708680696601,0.0132426663037291,0.0105199970833882,"FCGR2B/FOXF1/HLA-F",3
"GO:2001198","regulation of dendritic cell differentiation","3/212","13/15845",0.230769230769231,17.2478229317852,6.82461484410001,0.000611708680696601,0.0132426663037291,0.0105199970833882,"FCGR2B/HLA-B/TMEM176A",3
"GO:0050863","regulation of T cell activation","14/212","381/15845",0.036745406824147,2.74637250532363,4.0180712724943,0.000631041100260408,0.0135695012431835,0.0107796353262428,"TNFSF13B/VSIG4/CCR7/HLA-DMB/HLA-DRA/IGF1/IDO1/LEP/PLA2G5/CCL2/LAPTM5/HAVCR2/CD4/CD86",14
"GO:0002449","lymphocyte mediated immunity","12/212","295/15845",0.0406779661016949,3.04029421170451,4.11924660248543,0.000636770365748112,0.0136014150123797,0.0108049876798522,"HCST/FCER1G/FCGR2B/RFTN1/HLA-B/HLA-DRA/HLA-F/LEP/C1QA/C1QB/C2/HAVCR2",12
"GO:0015732","prostaglandin transport","4/212","30/15845",0.133333333333333,9.96540880503145,5.72367953547787,0.000649781802864072,0.0136967164235295,0.0108806952861865,"SLCO2B1/SLCO4A1/LEP/PLA2G10",4
"GO:0031664","regulation of lipopolysaccharide-mediated signaling pathway","4/212","30/15845",0.133333333333333,9.96540880503145,5.72367953547787,0.000649781802864072,0.0136967164235295,0.0108806952861865,"LY96/CD14/LY86/CD36",4
"GO:0050671","positive regulation of lymphocyte proliferation","8/212","143/15845",0.0559440559440559,4.1812904077055,4.45013341771589,0.000682905396398273,0.0143008424186933,0.0113606140247061,"TNFSF13B/GPR183/HLA-DMB/IGF1/LEP/CD320/HAVCR2/CD86",8
"GO:0042129","regulation of T cell proliferation","9/212","179/15845",0.0502793296089385,3.75790555496996,4.32121651639609,0.000692012154377378,0.0143859378120019,0.0114282139527632,"TNFSF13B/VSIG4/HLA-DMB/IGF1/IDO1/LEP/PLA2G5/HAVCR2/CD86",9
"GO:1901342","regulation of vasculature development","12/212","298/15845",0.0402684563758389,3.00968722299607,4.07842506824435,0.000695948926610577,0.0143859378120019,0.0114282139527632,"CYSLTR1/CYBB/RGCC/ISL1/ITGB2/LEP/C3AR1/VEGFC/TNFSF12/ACVRL1/CD34/CD36",12
"GO:0001911","negative regulation of leukocyte mediated cytotoxicity","4/212","31/15845",0.129032258064516,9.64394400486914,5.60984817871162,0.000738291337788125,0.0149714268751465,0.0118933274801578,"FCGR2B/HLA-B/HLA-F/HAVCR2",4
"GO:0010743","regulation of macrophage derived foam cell differentiation","4/212","31/15845",0.129032258064516,9.64394400486914,5.60984817871162,0.000738291337788125,0.0149714268751465,0.0118933274801578,"LPL/PLA2G5/PLA2G10/CD36",4
"GO:0071404","cellular response to low-density lipoprotein particle stimulus","4/212","31/15845",0.129032258064516,9.64394400486914,5.60984817871162,0.000738291337788125,0.0149714268751465,0.0118933274801578,"FCER1G/ITGB2/LPL/CD36",4
"GO:0046887","positive regulation of hormone secretion","8/212","145/15845",0.0551724137931034,4.12361743656474,4.40018763992612,0.000748134898705446,0.0149814013465766,0.0119012512175643,"CRH/GPER1/INHA/ISL1/LEP/NNAT/P2RY1/ECRG4",8
"GO:1903531","negative regulation of secretion by cell","8/212","145/15845",0.0551724137931034,4.12361743656474,4.40018763992612,0.000748134898705446,0.0149814013465766,0.0119012512175643,"CRH/FCGR2B/FOXF1/HLA-F/APOE/INHA/LEP/P2RY1",8
"GO:1902930","regulation of alcohol biosynthetic process","5/212","54/15845",0.0925925925925926,6.92042278127184,5.07485885170102,0.000759292130593441,0.0150604219265404,0.0119640253033625,"DKK3/GPER1/APOE/P2RY1/BMP5",5
"GO:0002291","T cell activation via T cell receptor contact with antigen bound to MHC molecule on antigen presenting cell","3/212","14/15845",0.214285714285714,16.0158355795148,6.54543524954549,0.000770883019960245,0.0150604219265404,0.0119640253033625,"HLA-DMB/TYROBP/HAVCR2",3
"GO:0010273","detoxification of copper ion","3/212","14/15845",0.214285714285714,16.0158355795148,6.54543524954549,0.000770883019960245,0.0150604219265404,0.0119640253033625,"MT1F/MT1G/MT1X",3
"GO:1990169","stress response to copper ion","3/212","14/15845",0.214285714285714,16.0158355795148,6.54543524954549,0.000770883019960245,0.0150604219265404,0.0119640253033625,"MT1F/MT1G/MT1X",3
"GO:0002218","activation of innate immune response","12/212","302/15845",0.0397350993377483,2.96982381606897,4.02478434739094,0.000781969138637714,0.0151047418657751,0.0119992331399712,"CTSS/RFTN1/LY96/IFI16/TLR7/S100A8/TYROBP/CASP1/HAVCR2/FCN3/CD14/CD36",12
"GO:0032946","positive regulation of mononuclear cell proliferation","8/212","146/15845",0.0547945205479452,4.09537348151977,4.37555023390507,0.00078258025896338,0.0151047418657751,0.0119992331399712,"TNFSF13B/GPR183/HLA-DMB/IGF1/LEP/CD320/HAVCR2/CD86",8
"GO:0002313","mature B cell differentiation involved in immune response","4/212","32/15845",0.125,9.34257075471698,5.50106701638052,0.000834995148748501,0.0159245503368464,0.0126504904114904,"GPR183/FCGR2B/MFNG/ITM2A",4
"GO:0046475","glycerophospholipid catabolic process","4/212","32/15845",0.125,9.34257075471698,5.50106701638052,0.000834995148748501,0.0159245503368464,0.0126504904114904,"ENPP2/PLA2G5/PLA2G7/PLA2G10",4
"GO:0045785","positive regulation of cell adhesion","16/212","485/15845",0.0329896907216495,2.46566815794593,3.81759714871117,0.000841214507211893,0.0159482324325852,0.0126693035094261,"FSTL3/PDPN/TNFSF13B/CCR7/FOXF1/HLA-DMB/HLA-DRA/IGF1/ITGB2/LEP/CCL2/VTN/HAVCR2/CD4/CD86/CD36",16
"GO:0030099","myeloid cell differentiation","15/212","440/15845",0.0340909090909091,2.54797384219554,3.83476087701998,0.00087707231638965,0.0165302335394849,0.0131316461983292,"DHRS2/FSTL3/CCR7/GPR183/FLI1/IFI16/INHA/MAF/MT1G/TYROBP/H4C8/PLA2G10/IL33/CD4/MAFB",15
"GO:0071219","cellular response to molecule of bacterial origin","10/212","224/15845",0.0446428571428571,3.33663241239892,4.10146654125673,0.000888234372169031,0.0166427071837987,0.0132209954564772,"FCGR2B/LY96/PPBP/CCL2/CASP1/HAVCR2/CD14/CD86/LY86/CD36",10
"GO:0010876","lipid localization","15/212","442/15845",0.0339366515837104,2.53644454879194,3.81508792358814,0.000918100478023673,0.0171022902999293,0.0135860890811581,"SLCO2B1/RBP7/CRH/SLCO4A1/SLC27A6/APOE/LEP/LPL/PLA2G5/PLTP/ATP8B4/APOLD1/PLA2G10/ECRG4/CD36",15
"GO:0032633","interleukin-4 production","4/212","33/15845",0.121212121212121,9.05946255002859,5.39695543696097,0.000940299198103734,0.0172155350327107,0.0136760508933223,"FCER1G/HAVCR2/IL33/CD86",4
"GO:0032673","regulation of interleukin-4 production","4/212","33/15845",0.121212121212121,9.05946255002859,5.39695543696097,0.000940299198103734,0.0172155350327107,0.0136760508933223,"FCER1G/HAVCR2/IL33/CD86",4
"GO:0050869","negative regulation of B cell activation","4/212","33/15845",0.121212121212121,9.05946255002859,5.39695543696097,0.000940299198103734,0.0172155350327107,0.0136760508933223,"FCGR2B/INHA/TYROBP/LAPTM5",4
"GO:1902931","negative regulation of alcohol biosynthetic process","3/212","15/15845",0.2,14.9481132075472,6.29360988208879,0.000954134769647949,0.0173695897838183,0.013798432254837,"DKK3/APOE/BMP5",3
"GO:0008037","cell recognition","8/212","151/15845",0.0529801324503311,3.95976508809197,4.25557330631125,0.000974456569307494,0.0176393155257696,0.0140127028521292,"CCR7/FOLR2/NRCAM/PAEP/PLA2G5/HAVCR2/FCN3/CD36",8
"GO:0002685","regulation of leukocyte migration","10/212","227/15845",0.0440528634361234,3.29253594879894,4.05131075764326,0.000982883755872899,0.0176919076057122,0.0140544820916657,"LYVE1/CCR7/JAM2/RARRES2/CCL2/BMP5/C3AR1/VEGFC/PLA2G7/IL33",10
"GO:0042445","hormone metabolic process","10/212","228/15845",0.043859649122807,3.27809500165508,4.03477789574533,0.00101621282421536,0.0181896418367933,0.014449883028243,"DHRS2/CPQ/CYP26A1/DIO2/DKK3/HSD3B2/HSD17B2/LEP/BMP5/PLA2G7",10
"GO:0031342","negative regulation of cell killing","4/212","34/15845",0.117647058823529,8.79300776914539,5.29717208542126,0.00105460990040281,0.01877205622717,0.0149125540302572,"FCGR2B/HLA-B/HLA-F/HAVCR2",4
"GO:0002221","pattern recognition receptor signaling pathway","11/212","271/15845",0.040590405904059,3.03374991297083,3.93243262937241,0.00108397894626839,0.0191882239991376,0.0152431584302237,"CTSS/RFTN1/LY96/IFI16/TLR7/S100A8/CASP1/HAVCR2/FCN3/CD14/CD36",11
"GO:0043030","regulation of macrophage activation","5/212","59/15845",0.0847457627118644,6.33394627438439,4.7798886208388,0.00113884886815949,0.0200487460086979,0.0159267586073433,"VSIG4/FCGR2B/PLA2G10/HAVCR2/IL33",5
"GO:0002468","dendritic cell antigen processing and presentation","3/212","16/15845",0.1875,14.0138561320755,6.0648272709731,0.00116278744338367,0.0201382214518988,0.0159978380546328,"CCR7/FCGR2B/HLA-DRA",3
"GO:0006704","glucocorticoid biosynthetic process","3/212","16/15845",0.1875,14.0138561320755,6.0648272709731,0.00116278744338367,0.0201382214518988,0.0159978380546328,"CRH/DKK3/BMP5",3
"GO:0006957","complement activation, alternative pathway","3/212","16/15845",0.1875,14.0138561320755,6.0648272709731,0.00116278744338367,0.0201382214518988,0.0159978380546328,"VSIG4/CFD/CFB",3
"GO:0042113","B cell activation","11/212","274/15845",0.0401459854014599,3.00053367304779,3.88993261625516,0.0011845261726659,0.0204044185872126,0.0162093055206912,"TNFSF13B/GPR183/FCGR2B/INHA/MFNG/CD320/BST2/TYROBP/LAPTM5/CD86/ITM2A",11
"GO:1990748","cellular detoxification","7/212","122/15845",0.0573770491803279,4.28839313331271,4.24595242981411,0.001270413894364,0.0217668776339159,0.0172916453508143,"ALOX5AP/HBB/HBE1/APOE/MGST1/SLC22A3/CD36",7
"GO:1903039","positive regulation of leukocyte cell-cell adhesion","11/212","277/15845",0.0397111913357401,2.96803691846604,3.8480073913718,0.0012926397063717,0.0220298809532709,0.0175005756439349,"TNFSF13B/CCR7/HLA-DMB/HLA-DRA/IGF1/ITGB2/LEP/CCL2/HAVCR2/CD4/CD86",11
"GO:0010742","macrophage derived foam cell differentiation","4/212","36/15845",0.111111111111111,8.30450733752621,5.10939129470119,0.00131187605155512,0.0222394225882677,0.0176670358822627,"LPL/PLA2G5/PLA2G10/CD36",4
"GO:0001906","cell killing","10/212","237/15845",0.0421940928270042,3.15361038133906,3.88997548381505,0.00135995551145408,0.0229331445194678,0.0182181297877893,"HCST/FCGR2B/HLA-B/HLA-DRA/HLA-F/LEP/TREM1/PPBP/TYROBP/HAVCR2",10
"GO:0002921","negative regulation of humoral immune response","3/212","17/15845",0.176470588235294,13.1895116537181,5.8556745355194,0.00139809910561318,0.023452929499396,0.0186310478775016,"VSIG4/A2M/FCGR2B",3
"GO:0006694","steroid biosynthetic process","8/212","160/15845",0.05,3.73702830188679,4.05206311573561,0.00141360377174308,0.0235895129409627,0.01873955000041,"CRH/DKK3/HSD3B2/HSD17B2/APOE/IGFBP7/LEP/BMP5",8
"GO:0090077","foam cell differentiation","4/212","37/15845",0.108108108108108,8.08006119326874,5.02086556442082,0.00145564197356725,0.0241528679938793,0.0191870802316841,"LPL/PLA2G5/PLA2G10/CD36",4
"GO:0002832","negative regulation of response to biotic stimulus","7/212","125/15845",0.056,4.18547169811321,4.16372147003706,0.0014624395726631,0.0241528679938793,0.0191870802316841,"VSIG4/A2M/HLA-B/HLA-F/IFI16/MMP12/HAVCR2",7
"GO:0050777","negative regulation of immune response","9/212","201/15845",0.0447761194029851,3.34659250915235,3.89889005286415,0.00156276198957487,0.0256773816133225,0.0203981564955036,"VSIG4/A2M/FCGR2B/HLA-B/HLA-F/IFI16/MMP12/HAVCR2/IL33",9
"GO:0051048","negative regulation of secretion","8/212","163/15845",0.049079754601227,3.66824863988888,3.98748036515184,0.00159063963070763,0.0259643440040617,0.020626119916493,"CRH/FCGR2B/FOXF1/HLA-F/APOE/INHA/LEP/P2RY1",8
"GO:0002335","mature B cell differentiation","4/212","38/15845",0.105263157894737,7.86742800397219,4.93560471175651,0.00161003455622346,0.0259643440040617,0.020626119916493,"GPR183/FCGR2B/MFNG/ITM2A",4
"GO:0008207","C21-steroid hormone metabolic process","4/212","38/15845",0.105263157894737,7.86742800397219,4.93560471175651,0.00161003455622346,0.0259643440040617,0.020626119916493,"DHRS2/DKK3/HSD3B2/BMP5",4
"GO:0007162","negative regulation of cell adhesion","11/212","285/15845",0.0385964912280702,2.88472360145647,3.73890547857558,0.00162121499069349,0.0259643440040617,0.020626119916493,"POSTN/VSIG4/RGCC/IDO1/EPCAM/MMP12/PLA2G5/LAPTM5/HAVCR2/ACVRL1/CD86",11
"GO:0071715","icosanoid transport","5/212","64/15845",0.078125,5.83910672169811,4.51717702521317,0.00164344398712352,0.0259643440040617,0.020626119916493,"SLCO2B1/SLCO4A1/LEP/PLA2G5/PLA2G10",5
"GO:0007584","response to nutrient","8/212","164/15845",0.0487804878048781,3.64588127013346,3.96629106857711,0.00165340399323615,0.0259643440040617,0.020626119916493,"POSTN/CYBB/CYP26A1/A2M/FOLR2/LEP/LPL/C2",8
"GO:1905952","regulation of lipid localization","8/212","164/15845",0.0487804878048781,3.64588127013346,3.96629106857711,0.00165340399323615,0.0259643440040617,0.020626119916493,"CRH/APOE/LEP/LPL/PLTP/PLA2G10/ECRG4/CD36",8
"GO:0002281","macrophage activation involved in immune response","3/212","18/15845",0.166666666666667,12.4567610062893,5.66340980480656,0.00166126420750083,0.0259643440040617,0.020626119916493,"TYROBP/HAVCR2/IL33",3
"GO:0002830","positive regulation of type 2 immune response","3/212","18/15845",0.166666666666667,12.4567610062893,5.66340980480656,0.00166126420750083,0.0259643440040617,0.020626119916493,"IDO1/IL33/CD86",3
"GO:0032274","gonadotropin secretion","3/212","18/15845",0.166666666666667,12.4567610062893,5.66340980480656,0.00166126420750083,0.0259643440040617,0.020626119916493,"CRH/INHA/LEP",3
"GO:0006869","lipid transport","14/212","422/15845",0.033175355450237,2.4795448448538,3.58739429122233,0.00167428921502852,0.0260408866259776,0.0206869255081194,"SLCO2B1/RBP7/CRH/SLCO4A1/SLC27A6/APOE/LEP/PLA2G5/PLTP/ATP8B4/APOLD1/PLA2G10/ECRG4/CD36",14
"GO:0030098","lymphocyte differentiation","14/212","423/15845",0.033096926713948,2.47368303670993,3.57752849950401,0.00171151113391258,0.0264655612070685,0.0210242877320099,"TNFSF13B/CCR7/GPR183/FCER1G/FCGR2B/HLA-DRA/INHA/LEP/MFNG/STAT4/CD4/CD86/ITM2A/MAFB",14
"GO:0007204","positive regulation of cytosolic calcium ion concentration","8/212","165/15845",0.0484848484848485,3.62378502001143,3.94526676989861,0.00171811383616425,0.0264655612070685,0.0210242877320099,"CYSLTR1/CCR7/FPR1/GPER1/P2RY1/C3AR1/CCRL2/CD36",8
"GO:0015909","long-chain fatty acid transport","5/212","65/15845",0.0769230769230769,5.74927431059506,4.46796350158139,0.00176133366056076,0.0269599902902829,0.0214170630533886,"SLC27A6/APOE/PLA2G5/PLA2G10/CD36",5
"GO:0045429","positive regulation of nitric oxide biosynthetic process","4/212","39/15845",0.102564102564103,7.66569908079342,4.85340129732447,0.00177545504096433,0.0269599902902829,0.0214170630533886,"HBB/APOE/ITGB2/CD36",4
"GO:0097242","amyloid-beta clearance","4/212","39/15845",0.102564102564103,7.66569908079342,4.85340129732447,0.00177545504096433,0.0269599902902829,0.0214170630533886,"APOE/ITGB2/TYROBP/CD36",4
"GO:0098869","cellular oxidant detoxification","6/212","96/15845",0.0625,4.67128537735849,4.2015201713999,0.00182329323269594,0.027555809045084,0.0218903825057537,"ALOX5AP/HBB/HBE1/APOE/MGST1/CD36",6
"GO:0030888","regulation of B cell proliferation","5/212","66/15845",0.0757575757575758,5.66216409376787,4.41976286216373,0.00188530593558048,0.0282267299887843,0.0224233632672582,"TNFSF13B/GPR183/FCGR2B/CD320/TYROBP",5
"GO:0042446","hormone biosynthetic process","5/212","66/15845",0.0757575757575758,5.66216409376787,4.41976286216373,0.00188530593558048,0.0282267299887843,0.0224233632672582,"DIO2/DKK3/HSD3B2/HSD17B2/BMP5",5
"GO:0050864","regulation of B cell activation","7/212","131/15845",0.0534351145038168,3.9937707043065,4.00672920003738,0.00191396530433043,0.0283201035404465,0.0224975393786712,"TNFSF13B/GPR183/FCGR2B/INHA/CD320/TYROBP/LAPTM5",7
"GO:1904407","positive regulation of nitric oxide metabolic process","4/212","40/15845",0.1,7.47405660377358,4.77406602700289,0.00195230230030068,0.0283201035404465,0.0224975393786712,"HBB/APOE/ITGB2/CD36",4
"GO:1904646","cellular response to amyloid-beta","4/212","40/15845",0.1,7.47405660377358,4.77406602700289,0.00195230230030068,0.0283201035404465,0.0224975393786712,"FCGR2B/IGF1/TYROBP/CD36",4
"GO:0001946","lymphangiogenesis","3/212","19/15845",0.157894736842105,11.8011420059583,5.4858013760198,0.00195341538153516,0.0283201035404465,0.0224975393786712,"PDPN/VEGFC/ACVRL1",3
"GO:0002283","neutrophil activation involved in immune response","3/212","19/15845",0.157894736842105,11.8011420059583,5.4858013760198,0.00195341538153516,0.0283201035404465,0.0224975393786712,"FCER1G/ITGB2/TYROBP",3
"GO:0002643","regulation of tolerance induction","3/212","19/15845",0.157894736842105,11.8011420059583,5.4858013760198,0.00195341538153516,0.0283201035404465,0.0224975393786712,"HLA-B/IDO1/HAVCR2",3
"GO:0097501","stress response to metal ion","3/212","19/15845",0.157894736842105,11.8011420059583,5.4858013760198,0.00195341538153516,0.0283201035404465,0.0224975393786712,"MT1F/MT1G/MT1X",3
"GO:0097237","cellular response to toxic substance","7/212","132/15845",0.053030303030303,3.96351486563751,3.98147234809136,0.00199869155368567,0.0288459808018419,0.0229152971873492,"ALOX5AP/HBB/HBE1/APOE/MGST1/SLC22A3/CD36",7
"GO:0046503","glycerolipid catabolic process","5/212","67/15845",0.0746268656716418,5.57765418192059,4.37253797285848,0.00201554514039952,0.0289587741248434,0.0230049003988012,"LPL/ENPP2/PLA2G5/PLA2G7/PLA2G10",5
"GO:0048762","mesenchymal cell differentiation","10/212","251/15845",0.0398406374501992,2.97771179433211,3.67790309832051,0.00207811339736121,0.0295923347784236,0.0235082020810264,"SPRY1/PDPN/HEYL/RGCC/IGF1/ISL1/SEMA3G/BMP5/TCF21/FAM83D",10
"GO:0071216","cellular response to biotic stimulus","10/212","251/15845",0.0398406374501992,2.97771179433211,3.67790309832051,0.00207811339736121,0.0295923347784236,0.0235082020810264,"FCGR2B/LY96/PPBP/CCL2/CASP1/HAVCR2/CD14/CD86/LY86/CD36",10
"GO:0002703","regulation of leukocyte mediated immunity","10/212","252/15845",0.0396825396825397,2.96589547768793,3.66332152637556,0.00213929231756454,0.0302188356852779,0.0240058954882062,"FCGR2B/FOXF1/HLA-B/HLA-DRA/HLA-F/ITGB2/LEP/BST2/TYROBP/HAVCR2",10
"GO:0010559","regulation of glycoprotein biosynthetic process","4/212","41/15845",0.0975609756097561,7.29176254026691,4.69742575536978,0.00214097244087331,0.0302188356852779,0.0240058954882062,"CCR7/IGF1/IL33/ITM2A",4
"GO:0051384","response to glucocorticoid","7/212","134/15845",0.0522388059701493,3.90435792734441,3.93169486394842,0.0021768389102019,0.0305903152117846,0.0243009994684589,"CRH/A2M/IGFBP7/ISL1/PAPPA/PTGDS/TBX2",7
"GO:0046942","carboxylic acid transport","12/212","341/15845",0.0351906158357771,2.63016654678249,3.54377768934074,0.00219156923015854,0.0306628288795982,0.0243586044519575,"SLC25A15/SLCO2B1/RBP7/FOLR2/SLCO4A1/SLC27A6/APOE/LEP/PLA2G5/SLC22A3/PLA2G10/CD36",12
"GO:0002526","acute inflammatory response","6/212","100/15845",0.06,4.48443396226415,4.07042811143465,0.00224359695962324,0.0310477214297203,0.0246643637614376,"CCR7/A2M/FCGR2B/ALOX5AP/SERPINA1/CD163",6
"GO:0015849","organic acid transport","12/212","342/15845",0.0350877192982456,2.62247600132406,3.53234118203444,0.00224509561335098,0.0310477214297203,0.0246643637614376,"SLC25A15/SLCO2B1/RBP7/FOLR2/SLCO4A1/SLC27A6/APOE/LEP/PLA2G5/SLC22A3/PLA2G10/CD36",12
"GO:0042098","T cell proliferation","9/212","212/15845",0.0424528301886792,3.17294855820577,3.70915852524702,0.00224814961663393,0.0310477214297203,0.0246643637614376,"TNFSF13B/VSIG4/HLA-DMB/IGF1/IDO1/LEP/PLA2G5/HAVCR2/CD86",9
"GO:0050870","positive regulation of T cell activation","10/212","254/15845",0.0393700787401575,2.9425419699896,3.63437274328227,0.00226600676829376,0.0311600244017734,0.0247535774372455,"TNFSF13B/CCR7/HLA-DMB/HLA-DRA/IGF1/LEP/CCL2/HAVCR2/CD4/CD86",10
"GO:0032689","negative regulation of type II interferon production","4/212","42/15845",0.0952380952380952,7.11814914645103,4.62332175157521,0.00234185842577919,0.0319289974306236,0.0253644509452815,"INHA/LAPTM5/HAVCR2/IL33",4
"GO:0044060","regulation of endocrine process","4/212","42/15845",0.0952380952380952,7.11814914645103,4.62332175157521,0.00234185842577919,0.0319289974306236,0.0253644509452815,"CRH/INHA/LEP/ECRG4",4
"GO:0071222","cellular response to lipopolysaccharide","9/212","214/15845",0.0420560747663551,3.14329483336272,3.67599240629921,0.00239517725968807,0.0325175760171211,0.025832018795387,"LY96/PPBP/CCL2/CASP1/HAVCR2/CD14/CD86/LY86/CD36",9
"GO:0002429","immune response-activating cell surface receptor signaling pathway","11/212","300/15845",0.0366666666666667,2.74048742138365,3.54417645833548,0.002420975126986,0.032729132096469,0.0260000793118017,"CCR7/FCER1G/FCGR2B/RFTN1/FPR1/LY96/C3AR1/TYROBP/LAPTM5/FCN3/CD14",11
"GO:0032722","positive regulation of chemokine production","5/212","70/15845",0.0714285714285714,5.33861185983827,4.23637423953546,0.00244571792969404,0.0329247069190744,0.0261554442901379,"POSTN/LPL/TLR7/HAVCR2/IL33",5
"GO:0042102","positive regulation of T cell proliferation","6/212","102/15845",0.0588235294117647,4.3965038845727,4.00744561418091,0.00247928331671953,0.0332369194425497,0.0264034664603736,"TNFSF13B/HLA-DMB/IGF1/LEP/HAVCR2/CD86",6
"GO:0001937","negative regulation of endothelial cell proliferation","4/212","43/15845",0.0930232558139535,6.95261079420799,4.55160818780466,0.00255534971557569,0.0341139187029354,0.0271001561941316,"RGCC/APOE/CCL2/ACVRL1",4
"GO:0031589","cell-substrate adhesion","12/212","348/15845",0.0344827586206897,2.57726089785296,3.46456349957517,0.00258918243708941,0.0343796767686978,0.0273112748625768,"PDPN/POSTN/LYVE1/CCR7/FOXF1/ITGB2/MMP12/VTN/VWF/ACVRL1/CD34/CD36",12
"GO:0002483","antigen processing and presentation of endogenous peptide antigen","3/212","21/15845",0.142857142857143,10.6772237196765,5.16751177472139,0.00262890786776872,0.0343796767686978,0.0273112748625768,"HLA-B/HLA-DRA/HLA-F",3
"GO:0032693","negative regulation of interleukin-10 production","3/212","21/15845",0.142857142857143,10.6772237196765,5.16751177472139,0.00262890786776872,0.0343796767686978,0.0273112748625768,"FCGR2B/IDO1/TYROBP",3
"GO:0034375","high-density lipoprotein particle remodeling","3/212","21/15845",0.142857142857143,10.6772237196765,5.16751177472139,0.00262890786776872,0.0343796767686978,0.0273112748625768,"APOE/LPL/PLTP",3
"GO:0061687","detoxification of inorganic compound","3/212","21/15845",0.142857142857143,10.6772237196765,5.16751177472139,0.00262890786776872,0.0343796767686978,0.0273112748625768,"MT1F/MT1G/MT1X",3
"GO:0001914","regulation of T cell mediated cytotoxicity","4/212","44/15845",0.0909090909090909,6.79459691252144,4.48215081731326,0.00278183192738862,0.0360849777139803,0.02866596889165,"FCGR2B/HLA-B/HLA-DRA/HLA-F",4
"GO:0002455","humoral immune response mediated by circulating immunoglobulin","4/212","44/15845",0.0909090909090909,6.79459691252144,4.48215081731326,0.00278183192738862,0.0360849777139803,0.02866596889165,"FCGR2B/C1QA/C1QB/C2",4
"GO:0071674","mononuclear cell migration","9/212","219/15845",0.0410958904109589,3.07153011113983,3.59474908033081,0.00279635472469198,0.036127098943198,0.0286994300692072,"CCR7/GPR183/CXCL16/JAM2/RARRES2/CCL2/BMP5/C3AR1/PLA2G7",9
"GO:1901654","response to ketone","9/212","220/15845",0.0409090909090909,3.05756861063465,3.57877864077049,0.00288262438564099,0.0370920824561997,0.0294660146458673,"POSTN/ADCY3/CCR7/CRH/CYBB/A2M/IGFBP7/PAPPA/TBX2",9
"GO:0071675","regulation of mononuclear cell migration","7/212","141/15845",0.049645390070922,3.7105245550649,3.76475693866549,0.00289860587026576,0.037148532833326,0.0295108589233794,"CCR7/JAM2/RARRES2/CCL2/BMP5/C3AR1/PLA2G7",7
"GO:0042130","negative regulation of T cell proliferation","5/212","73/15845",0.0684931506849315,5.11921685189971,4.10782453763457,0.00293898643728694,0.0375159862353281,0.0298027645433416,"VSIG4/IDO1/PLA2G5/HAVCR2/CD86",5
"GO:0010560","positive regulation of glycoprotein biosynthetic process","3/212","22/15845",0.136363636363636,10.1918953687822,5.02401794423822,0.00301422094125819,0.0376711423465099,0.0299260208272097,"CCR7/IGF1/IL33",3
"GO:0015874","norepinephrine transport","3/212","22/15845",0.136363636363636,10.1918953687822,5.02401794423822,0.00301422094125819,0.0376711423465099,0.0299260208272097,"CRH/P2RY1/SLC22A3",3
"GO:0071294","cellular response to zinc ion","3/212","22/15845",0.136363636363636,10.1918953687822,5.02401794423822,0.00301422094125819,0.0376711423465099,0.0299260208272097,"MT1F/MT1G/MT1X",3
"GO:0002701","negative regulation of production of molecular mediator of immune response","4/212","45/15845",0.0888888888888889,6.64360587002096,4.41482581453934,0.00302168651156462,0.0376711423465099,0.0299260208272097,"FCGR2B/HLA-F/BST2/IL33",4
"GO:0002920","regulation of humoral immune response","4/212","45/15845",0.0888888888888889,6.64360587002096,4.41482581453934,0.00302168651156462,0.0376711423465099,0.0299260208272097,"VSIG4/CCR7/A2M/FCGR2B",4
"GO:0043300","regulation of leukocyte degranulation","4/212","45/15845",0.0888888888888889,6.64360587002096,4.41482581453934,0.00302168651156462,0.0376711423465099,0.0299260208272097,"FCGR2B/FOXF1/HLA-F/ITGB2",4
"GO:1903018","regulation of glycoprotein metabolic process","4/212","46/15845",0.0869565217391304,6.49917965545529,4.34951875430699,0.00327529044532177,0.040674537158182,0.0323119228755122,"CCR7/IGF1/IL33/ITM2A",4
"GO:0045123","cellular extravasation","5/212","75/15845",0.0666666666666667,4.98270440251572,4.02598398118907,0.00330537767000522,0.0408896913308754,0.0324828417235222,"LYVE1/ITGB2/LEP/JAM2/CCL2",5
"GO:0002440","production of molecular mediator of immune response","9/212","225/15845",0.04,2.98962264150943,3.50026271706274,0.00334606610109837,0.0412338299535353,0.0327562260423314,"FCGR2B/HLA-F/TLR7/TREM1/BST2/LAPTM5/IL33/CD86/CD36",9
"GO:0010884","positive regulation of lipid storage","3/212","23/15845",0.130434782608696,9.74876948318294,4.88944297071402,0.00343246692257721,0.0416576667421871,0.033092922722455,"LPL/PLA2G10/CD36",3
"GO:0036303","lymph vessel morphogenesis","3/212","23/15845",0.130434782608696,9.74876948318294,4.88944297071402,0.00343246692257721,0.0416576667421871,0.033092922722455,"PDPN/VEGFC/ACVRL1",3
"GO:0071280","cellular response to copper ion","3/212","23/15845",0.130434782608696,9.74876948318294,4.88944297071402,0.00343246692257721,0.0416576667421871,0.033092922722455,"MT1F/MT1G/MT1X",3
"GO:2000353","positive regulation of endothelial cell apoptotic process","3/212","23/15845",0.130434782608696,9.74876948318294,4.88944297071402,0.00343246692257721,0.0416576667421871,0.033092922722455,"GPER1/RGCC/CCL2",3
"GO:0042267","natural killer cell mediated cytotoxicity","5/212","76/15845",0.0657894736842105,4.91714250248262,3.98614666599906,0.00350039807721301,0.0422000858027679,0.0335238213651004,"HCST/HLA-B/HLA-F/LEP/HAVCR2",5
"GO:0001774","microglial cell activation","4/212","47/15845",0.0851063829787234,6.36089923725411,4.28612371081212,0.00354301594286659,0.0422000858027679,0.0335238213651004,"ITGB2/C1QA/TYROBP/IL33",4
"GO:0031294","lymphocyte costimulation","4/212","47/15845",0.0851063829787234,6.36089923725411,4.28612371081212,0.00354301594286659,0.0422000858027679,0.0335238213651004,"TNFSF13B/CCR7/CD320/CD86",4
"GO:0042119","neutrophil activation","4/212","47/15845",0.0851063829787234,6.36089923725411,4.28612371081212,0.00354301594286659,0.0422000858027679,0.0335238213651004,"FCER1G/FCGR2B/ITGB2/TYROBP",4
"GO:0046686","response to cadmium ion","4/212","47/15845",0.0851063829787234,6.36089923725411,4.28612371081212,0.00354301594286659,0.0422000858027679,0.0335238213651004,"CYBB/MT1F/MT1G/MT1X",4
"GO:0003018","vascular process in circulatory system","10/212","271/15845",0.03690036900369,2.75795446633712,3.39915810704411,0.00360517222790043,0.042705322651878,0.0339251823944546,"CYSLTR1/SLCO2B1/GPER1/GUCY1A1/HBB/APOE/LEP/P2RY1/SLC22A3/CD36",10
"GO:0050830","defense response to Gram-positive bacterium","6/212","110/15845",0.0545454545454545,4.07675814751286,3.77081748027315,0.00361209189720941,0.042705322651878,0.0339251823944546,"DEFB1/RARRES2/RNASE1/RNASE4/HAVCR2/CD36",6
"GO:0043299","leukocyte degranulation","5/212","77/15845",0.0649350649350649,4.85328350894389,3.94700070665418,0.00370355069015397,0.0434658476602686,0.0345293447803829,"FCGR2B/FOXF1/HLA-F/ITGB2/PTGDS",5
"GO:0150076","neuroinflammatory response","5/212","77/15845",0.0649350649350649,4.85328350894389,3.94700070665418,0.00370355069015397,0.0434658476602686,0.0345293447803829,"IGF1/ITGB2/C1QA/TYROBP/IL33",5
"GO:0007160","cell-matrix adhesion","9/212","229/15845",0.0393013100436681,2.93740215868831,3.43899705328567,0.00375748574822133,0.043937899041245,0.0349043432162857,"POSTN/LYVE1/CCR7/ITGB2/MMP12/VTN/ACVRL1/CD34/CD36",9
"GO:0002444","myeloid leukocyte mediated immunity","6/212","111/15845",0.0540540540540541,4.04003059663437,3.74282097381184,0.00377686064815579,0.0440038600606951,0.0349567427645577,"FCGR2B/FOXF1/ITGB2/TREM1/PTGDS/TYROBP",6
"GO:0010894","negative regulation of steroid biosynthetic process","3/212","24/15845",0.125,9.34257075471698,4.76285914061159,0.00388449488137382,0.0447695021579918,0.0355649701747894,"DKK3/APOE/BMP5",3
"GO:1903020","positive regulation of glycoprotein metabolic process","3/212","24/15845",0.125,9.34257075471698,4.76285914061159,0.00388449488137382,0.0447695021579918,0.0355649701747894,"CCR7/IGF1/IL33",3
"GO:1903306","negative regulation of regulated secretory pathway","3/212","24/15845",0.125,9.34257075471698,4.76285914061159,0.00388449488137382,0.0447695021579918,0.0355649701747894,"FCGR2B/FOXF1/HLA-F",3
"GO:0002687","positive regulation of leukocyte migration","7/212","150/15845",0.0466666666666667,3.48789308176101,3.56513406023479,0.00408077307089224,0.046814600604748,0.0371895999284712,"LYVE1/CCR7/JAM2/RARRES2/C3AR1/VEGFC/PLA2G7",7
"GO:0031670","cellular response to nutrient","4/212","49/15845",0.0816326530612245,6.10127069695803,4.16468377235928,0.00412229504291527,0.046814600604748,0.0371895999284712,"POSTN/FOLR2/LEP/LPL",4
"GO:0042269","regulation of natural killer cell mediated cytotoxicity","4/212","49/15845",0.0816326530612245,6.10127069695803,4.16468377235928,0.00412229504291527,0.046814600604748,0.0371895999284712,"HLA-B/HLA-F/LEP/HAVCR2",4
"GO:0006690","icosanoid metabolic process","6/212","113/15845",0.0530973451327434,3.96852563032226,3.68779897479082,0.00412304765653217,0.046814600604748,0.0371895999284712,"ALOX5AP/HPGDS/PLA2G5/PTGDS/CASP1/PLA2G10",6
"GO:0002224","toll-like receptor signaling pathway","5/212","79/15845",0.0632911392405063,4.7304155720086,3.87069706585787,0.00413499749411476,0.046814600604748,0.0371895999284712,"CTSS/LY96/TLR7/S100A8/CD36",5
"GO:0002700","regulation of production of molecular mediator of immune response","8/212","191/15845",0.0418848167539267,3.13049491257532,3.44956000391336,0.00422999551859109,0.0474077122876242,0.0376607688782034,"FCGR2B/HLA-F/TLR7/BST2/LAPTM5/IL33/CD86/CD36",8
"GO:0035296","regulation of tube diameter","7/212","151/15845",0.0463576158940397,3.46479445208047,3.54390066901546,0.00423177456749705,0.0474077122876242,0.0376607688782034,"CYSLTR1/GPER1/GUCY1A1/HBB/APOE/LEP/P2RY1",7
"GO:0097746","blood vessel diameter maintenance","7/212","151/15845",0.0463576158940397,3.46479445208047,3.54390066901546,0.00423177456749705,0.0474077122876242,0.0376607688782034,"CYSLTR1/GPER1/GUCY1A1/HBB/APOE/LEP/P2RY1",7
"GO:0050810","regulation of steroid biosynthetic process","5/212","80/15845",0.0625,4.67128537735849,3.8334988195051,0.00436366295111919,0.0482931408728522,0.0383641548822382,"DKK3/APOE/IGFBP7/LEP/BMP5",5
"GO:0008211","glucocorticoid metabolic process","3/212","25/15845",0.12,8.9688679245283,4.64346928371585,0.00437110201408462,0.0482931408728522,0.0383641548822382,"CRH/DKK3/BMP5",3
"GO:0045953","negative regulation of natural killer cell mediated cytotoxicity","3/212","25/15845",0.12,8.9688679245283,4.64346928371585,0.00437110201408462,0.0482931408728522,0.0383641548822382,"HLA-B/HLA-F/HAVCR2",3
"GO:0060907","positive regulation of macrophage cytokine production","3/212","25/15845",0.12,8.9688679245283,4.64346928371585,0.00437110201408462,0.0482931408728522,0.0383641548822382,"TLR7/LAPTM5/CD36",3
"GO:0035150","regulation of tube size","7/212","152/15845",0.0460526315789474,3.44199975173784,3.52284556911448,0.00438697035473738,0.0483019004006137,0.0383711134662868,"CYSLTR1/GPER1/GUCY1A1/HBB/APOE/LEP/P2RY1",7
"GO:0002269","leukocyte activation involved in inflammatory response","4/212","50/15845",0.08,5.97924528301887,4.10646278202811,0.00443456687006897,0.0484926698010273,0.0385226610088981,"ITGB2/C1QA/TYROBP/IL33",4
"GO:0010883","regulation of lipid storage","4/212","50/15845",0.08,5.97924528301887,4.10646278202811,0.00443456687006897,0.0484926698010273,0.0385226610088981,"LEP/LPL/PLA2G10/CD36",4
"GO:0002793","positive regulation of peptide secretion","6/212","115/15845",0.0521739130434783,3.89950779327317,3.63402593678445,0.00449216986982224,0.048898827919457,0.0388453137227305,"CRH/GPER1/ISL1/NNAT/S100A8/ECRG4",6
"GO:0022408","negative regulation of cell-cell adhesion","8/212","193/15845",0.0414507772020725,3.09805455078698,3.4149920281947,0.00450223290769033,0.048898827919457,0.0388453137227305,"VSIG4/RGCC/IDO1/EPCAM/PLA2G5/LAPTM5/HAVCR2/CD86",8
"GO:0002228","natural killer cell mediated immunity","5/212","81/15845",0.0617283950617284,4.61361518751456,3.7969106958885,0.00460120295012265,0.0498049130141654,0.0395651092937289,"HCST/HLA-B/HLA-F/LEP/HAVCR2",5
