"ENTREZID","SYMBOL","GENENAME","logFC","AveExpr","t","P.Value","adj.P.Val","B","trim_termSecond.Trimester...trim_termFirst.Trimester","First.Trimester_Average","Second.Trimester_Average"
10082,"GPC6","glypican 6",-1.83540012268936,5.02462685090907,-7.30761221103602,2.97837042095233e-07,5.77671110155785e-05,6.93753896461626,-1,5.77418752220875,3.94192810347619
10103,"TSPAN1","tetraspanin 1",-2.03334500696797,6.18008231020073,-4.11766677913668,0.000472089661603928,0.00639372234876817,-0.206406485502552,-1,7.01399032140633,4.9755485162371
10148,"EBI3","Epstein-Barr virus induced 3",1.90629124373998,8.77618160210653,3.92181846291687,0.000757209521620496,0.00878089805060121,-0.661084546784231,1,8.00137242186603,9.89535041800947
10158,"PDZK1IP1","PDZK1 interacting protein 1",-1.51855521858941,5.03946530238718,-3.03163839389953,0.00624073292876976,0.0361288187534355,-2.66637026967924,-1,5.66196794052997,4.14029482506983
10161,"LPAR6","lysophosphatidic acid receptor 6",1.19352764019374,7.37119769209181,5.37250108799064,2.32690383607112e-05,0.000906642281204556,2.71091562621371,1,6.88244181950409,8.07717839694074
10166,"SLC25A15","solute carrier family 25 member 15",-1.18323774556269,5.77800350474941,-8.0023570161797,7.00309323469312e-08,2.67716362317202e-05,8.32973973521429,-1,6.26340467695594,5.07686847822888
10406,"WFDC2","WAP four-disulfide core domain 2",-1.86779714400252,5.02414206800095,-4.07344100650818,0.000525291298653515,0.00686862005895049,-0.309289683988319,-1,5.7898149094286,3.91817018593878
10437,"IFI30","IFI30 lysosomal thiol reductase",1.04971861286243,9.85756437607362,4.24790979662352,0.00034465268914778,0.00518383509408119,0.0970960805458843,1,9.43459658936215,10.468517845768
10457,"GPNMB","glycoprotein nmb",1.58744317428561,9.91333881735111,6.32504418754613,2.57343145712568e-06,0.000211952417694404,4.85042116392309,1,9.26970871088484,10.8430267489135
10551,"AGR2","anterior gradient 2, protein disulphide isomerase family member",-1.8150017344688,5.8659938707045,-4.0629068615036,0.000538820066091272,0.00695795625180067,-0.333779621572041,-1,6.60928536907116,4.79235059528599
10563,"CXCL13","C-X-C motif chemokine ligand 13",-2.18103781673235,3.92142301568867,-4.30248430022861,0.000302075228172786,0.00478705474599363,0.224441755963882,-1,4.8146481559461,2.6312089242057
10630,"PDPN","podoplanin",1.12790329063867,6.61212771120685,7.35050975477131,2.71860453777825e-07,5.5414728958605e-05,7.02555055658317,1,6.14896253316168,7.28114407949431
10647,"SCGB1D2","secretoglobin family 1D member 2",-1.99863625361483,4.0985925056193,-4.10687569045495,0.000484553462018227,0.00652199531807789,-0.231519473129861,-1,4.9154323326873,2.91871275540996
10673,"TNFSF13B","TNF superfamily member 13b",1.36756349355314,5.80580701879152,5.94157824386866,6.16979299419418e-06,0.000381116389802952,4.00123947992011,1,5.24539064424793,6.6152973375767
10761,"PLAC1","placenta enriched 1",1.79482421568746,8.19037158583462,4.90997093329002,6.99309154543302e-05,0.00184359006538353,1.64185540265274,1,7.45928794144672,9.24638129439492
10791,"VAMP5","vesicle associated membrane protein 5",1.03941377832152,6.41387392904928,5.12770499253296,4.1574973197285e-05,0.0013307275386259,2.14688223654346,1,5.98977607442256,7.02645971906566
107986768,"LOC107986768","uncharacterized LOC107986768",1.06770938683108,5.04654016175648,3.46664299100897,0.00225168319617329,0.0181961285213684,-1.70331459528763,1,4.61620684729884,5.66813272708419
10886,"NPFFR2","neuropeptide FF receptor 2",1.36559562545155,5.21626021280367,4.94288221671097,6.46317425848998e-05,0.00176245455789052,1.71835823624413,1,4.65769994369999,6.02306949039786
10894,"LYVE1","lymphatic vessel endothelial hyaluronan receptor 1",1.8490343151968,8.3798106041462,4.27831076105628,0.000320243893426836,0.00496439290338265,0.168024854307287,1,7.62605780233647,9.4685646512047
10990,"LILRB5","leukocyte immunoglobulin like receptor B5",1.269794365646,4.43130042780001,9.85758784547055,2.00055122031564e-09,4.2794018001626e-06,11.7026852220671,1,3.91309037928494,5.17982605343289
1123,"CHN1","chimerin 1",1.07112155038912,8.82168517000616,4.3182206065479,0.000290805935342641,0.00467454643459791,0.261174851650852,1,8.38467163977979,9.45292693588869
11309,"SLCO2B1","solute carrier organic anion transporter family member 2B1",1.03730945034353,5.44289541093357,8.06469892064232,6.16947449103428e-08,2.45097495417344e-05,8.45119126654773,1,5.01975957653349,6.05409161617814
11326,"VSIG4","V-set and immunoglobulin domain containing 4",1.01882870240763,8.3696460524742,3.23319589172258,0.00390554211098182,0.0264420831956369,-2.22535224610984,1,7.9518229221505,8.97316835183065
114769,"CARD16","caspase recruitment domain family member 16",1.19284833776651,7.10777277999076,6.36323171629606,2.36109308326811e-06,0.000199870317869789,4.93398611887072,1,6.62305512694182,7.80792050106145
114801,"TMEM200A","transmembrane protein 200A",-1.39206123528291,4.50328510795274,-4.25580412436849,0.000338141040661689,0.00511656133296974,0.115511872982261,-1,5.07068417190019,3.68370868225087
116039,"OSR2","odd-skipped related transciption factor 2",-1.25736169669349,6.33855538119172,-3.10243510180536,0.00529780519648361,0.0324175644618322,-2.51262506761776,-1,6.85118901518238,5.59808457653853
117247,"SLC16A10","solute carrier family 16 member 10",1.57008702745814,6.55673348711662,6.99720010538912,5.80681749824344e-07,8.73405988600801e-05,6.29275855357038,1,5.91560859290561,7.48280277875474
1191,"CLU","clusterin",-1.43922160735382,6.71800600686797,-3.86022262159874,0.000878259997410285,0.00969195305421012,-0.803495824607888,-1,7.30712130269319,5.86706169067598
120224,"TMEM45B","transmembrane protein 45B",-1.47151498936175,4.68458397280612,-4.55474753157592,0.000164285652961394,0.00321603054555633,0.813619284092212,-1,5.28705832838247,3.8143432369736
121506,"ERP27","endoplasmic reticulum protein 27",-1.35280000546587,5.60894228817078,-4.63863490001101,0.000134211308251631,0.00284143711231588,1.00950595165593,-1,6.16125084946165,4.81116325519508
1236,"CCR7","C-C motif chemokine receptor 7",-1.26564753197325,5.47979754026254,-4.69315825841145,0.000117700037824724,0.00261961967784994,1.13675568376106,-1,5.99824072568528,4.73093516131858
1280,"COL2A1","collagen type II alpha 1 chain",-1.40320292263343,4.06038239918894,-3.35145185611371,0.00295748646057481,0.022021915905074,-1.96224286861293,-1,4.63098515904422,3.23617841273132
1299,"COL9A3","collagen type IX alpha 3 chain",-1.36740342123286,5.481606841048,-4.16467953951226,0.000421415269390806,0.00590013907018628,-0.0969334688768848,-1,6.04080454264858,4.67387682762494
1311,"COMP","cartilage oligomeric matrix protein",-1.75839799856185,4.57910326759101,-4.62838789140014,0.000137565516997015,0.00289731282731447,0.985583945572868,-1,5.29709523486149,3.54200375931142
132720,"FAM241A","family with sequence similarity 241 member A",1.10953219256344,6.38158303099689,5.36185855483499,2.38611193371271e-05,0.000920273855733359,2.68649139441013,1,5.92795518258388,7.03682325648235
133,"ADM","adrenomedullin",1.26705643642809,10.0246349465648,3.59458846358448,0.00166040970801439,0.0149318957363868,-1.41308243728384,1,9.51064200494703,10.7670691955682
1356,"CP","ceruloplasmin",-2.02821541895172,4.9401524664279,-3.26306769384661,0.00364134444198184,0.0251885735742431,-2.15916973047492,-1,5.77109585304116,3.73990090798653
1363,"CPE","carboxypeptidase E",-1.49327482927237,3.92220275910453,-3.99995004374258,0.000627217907258985,0.0076462467021506,-0.480001145414936,-1,4.53199474724665,3.04139210956591
1365,"CLDN3","claudin 3",-1.70820676414289,4.85495952904465,-5.10002132147997,4.44085275335081e-05,0.00139931753710172,2.08282658573568,-1,5.55397880664301,3.84526501695812
137872,"ADHFE1","alcohol dehydrogenase iron containing 1",1.02826882471588,7.2124706393854,4.27231585547352,0.000324916312339864,0.0050093606408236,0.1540360518055,1,6.79515648136268,7.81525775652932
143872,"ARHGAP42","Rho GTPase activating protein 42",1.51078903554476,5.30254691790909,11.1561031377314,2.12928192842045e-10,1.43804603839089e-06,13.7821199890429,1,4.68774141055156,6.19059931742553
1439,"CSF2RB","colony stimulating factor 2 receptor subunit beta",1.44287590644206,8.62598573488512,4.0973948144329,0.000495774337673802,0.00659979228358009,-0.253578404084463,1,8.03800032978912,9.47529798669045
1442,"CSH1","chorionic somatomammotropin hormone 1",1.65476319289563,12.3995356780147,3.3325553435867,0.00309227017607523,0.0227248770538485,-2.00447978447489,1,11.7297734915267,13.3669699473863
1444,"CSHL1","chorionic somatomammotropin hormone like 1",2.27053097212228,10.477144195175,3.97982780515615,0.00065840659953426,0.00793573831836029,-0.526681089135282,1,9.55640522678502,11.8071004828495
144423,"GLT1D1","glycosyltransferase 1 domain containing 1",-1.41669109444178,5.1357980622673,-4.55092783762906,0.000165806041098798,0.00323329759259167,0.804697721260982,-1,5.71678046958664,4.29660125169493
145741,"C2CD4A","C2 calcium dependent domain containing 4A",-2.62462423066725,4.53219120705782,-3.99783410555797,0.00063042717689946,0.0076669177858103,-0.484911067125754,-1,5.60887148169528,2.97698636591483
147798,"TMC4","transmembrane channel like 4",-1.05639756478556,6.49326669755511,-3.73895677564672,0.00117533245709058,0.0117539046955144,-1.08279997177548,-1,6.92284633095285,5.87276278264727
153,"ADRB1","adrenoceptor beta 1",1.00403901756494,6.77658767951882,4.06940725144675,0.000530431319837031,0.00691129837377369,-0.318668170816695,1,6.36679770445173,7.36850653239351
1536,"CYBB","cytochrome b-245 beta chain",1.46546298110979,6.0559683161847,5.48923260336296,1.76758582092841e-05,0.000756511117664142,2.97816901877182,1,5.45638992562645,6.9220259914355
154,"ADRB2","adrenoceptor beta 2",1.22835221629453,4.5441014349156,5.75704844860892,9.45404494216198e-06,0.000493083933185594,3.58647160383832,1,4.0406101277573,5.27136665636647
1559,"CYP2C9","cytochrome P450 family 2 subfamily C member 9",-1.40363789256452,4.48906139811673,-4.55693642456972,0.000163420712052344,0.00321413991633448,0.818731763260486,-1,5.06528561687809,3.65673752657254
1588,"CYP19A1","cytochrome P450 family 19 subfamily A member 1",1.66224204722519,9.83760611870093,2.87188893651718,0.00899779035928166,0.0462818559201335,-3.00809592041574,1,9.16497318872303,10.8091870175579
1647,"GADD45A","growth arrest and DNA damage inducible alpha",-1.37559352855661,7.98881171202684,-4.04362447874068,0.000564489060151225,0.00713927144052682,-0.378590692249375,-1,8.55239552144841,7.17474620952903
1672,"DEFB1","defensin beta 1",-3.22474775095977,6.31972362429263,-4.90980516429163,6.99586892215121e-05,0.00184359006538353,1.64146993780344,-1,7.64166228920487,4.41025666386384
169693,"TMEM252","transmembrane protein 252",-1.20166347210069,4.16718813333688,-3.81783485359807,0.000972516210313116,0.0103597008081777,-0.901296121230673,-1,4.65937589493114,3.4562502554785
169792,"GLIS3","GLIS family zinc finger 3",-1.15113496488729,4.41422296453471,-4.28182200953095,0.000317538505248329,0.00494259616507985,0.176218608262102,-1,4.88520654359329,3.73391335033899
170692,"ADAMTS18","ADAM metallopeptidase with thrombospondin type 1 motif 18",1.08589625322382,6.35692964505771,5.66713511905617,1.16547764214685e-05,0.000573776868496271,3.38304612164919,1,5.9118155167828,6.99987227478813
174,"AFP","alpha fetoprotein",-2.36464030992079,5.24610591330749,-3.56743222627506,0.00177155256364835,0.0155517445806236,-1.47489448314996,-1,6.2200256648499,3.83933293885733
176,"ACAN","aggrecan",-1.04390882972386,5.20226359858027,-4.34232057634792,0.000274357542115782,0.00450101875369057,0.317440833018382,-1,5.62886267758726,4.5860649289035
1776,"DNASE1L3","deoxyribonuclease 1L3",1.10816138976517,4.7523041289378,4.48115277207807,0.000196206362258228,0.00361723121539032,0.641709030347752,1,4.29746123778249,5.40929941616213
1805,"DPT","dermatopontin",1.49442118005969,5.56876249044872,6.42343791217952,2.06209207490107e-06,0.00018651806932844,5.06535097079523,1,4.95651357815109,6.45312203043419
1842,"ECM2","extracellular matrix protein 2",-1.22708828552901,4.87416403841713,-3.16894682325454,0.00453837140260935,0.0291355966376008,-2.36701489975141,-1,5.37597986258741,4.14931895906006
185,"AGTR1","angiotensin II receptor type 1",1.31274377447175,8.66323529482295,3.60830464253752,0.00160690975549366,0.0146194874522034,-1.38182175887558,1,8.12812498427134,9.43617241006418
187,"APLNR","apelin receptor",1.23649265628144,7.45248946704488,5.17480003614108,3.71686889860081e-05,0.00124888027785325,2.25573562010246,1,6.94828917439139,8.18077877865548
1880,"GPR183","G protein-coupled receptor 183",1.5469781653912,6.3272567329451,7.89583628280016,8.70681053876353e-08,2.8453014246111e-05,8.1208940358803,1,5.69597409512297,7.23910943202151
192668,"CYS1","cystin 1",-1.86776082465376,4.22789162767485,-3.69867642443845,0.00129449274177545,0.0125913189827712,-1.17521806961923,-1,4.9945958679484,3.12042994727972
196,"AHR","aryl hydrocarbon receptor",1.12542574205775,8.33288287176232,4.40904431813215,0.000233518871962009,0.00408146946696442,0.473266672412801,1,7.87422099397445,8.99539447301147
196410,"TMT1B","thiol methyltransferase 1B",1.31909418652053,5.95838879179277,7.65612550830702,1.42918513286948e-07,3.73818483661419e-05,7.64479394747976,1,5.41714008947104,6.74019247292415
200958,"MUC20","mucin 20, cell surface associated",-1.57368351198535,5.0514517854526,-3.49532730184197,0.0021033591160517,0.0174799667966873,-1.63847334326479,-1,5.69732265298928,4.11852719901072
2018,"EMX2","empty spiracles homeobox 2",-1.88302898786897,4.04725105324352,-4.36330451011702,0.000260796491392491,0.00437656779745884,0.366440061069097,-1,4.81964363083772,2.93157288560747
205,"AK4","adenylate kinase 4",-1.19946833288384,4.85309918594649,-6.83696483960132,8.23720995292746e-07,0.000109081118206708,5.95454874280921,-1,5.34034225920979,4.14930363567729
206338,"LVRN","laeverin",1.24278152234447,6.80413414926668,3.12866428753825,0.00498468098602745,0.0310561566598715,-2.45533415078875,1,6.29417050987869,7.54074829504934
2162,"F13A1","coagulation factor XIII A chain",1.28426865966231,9.74119901236281,2.92548495659709,0.0079632572726211,0.042643708216822,-2.89429357078681,1,9.21450794271777,10.5019750018501
219972,"MPEG1","macrophage expressed 1",1.29731182446498,6.23601567529697,6.82744613802149,8.41097148491751e-07,0.000110658891724619,5.93434415538368,1,5.70630283070695,7.00115645081587
220,"ALDH1A3","aldehyde dehydrogenase 1 family member A3",-1.24899596965117,7.18067651537785,-2.88795406891424,0.00867491830320815,0.0452064093984826,-2.974077892444,-1,7.69022690036707,6.44465929261564
221061,"FAM171A1","family with sequence similarity 171 member A1",-1.44692300792887,6.51758812418693,-6.52480580569711,1.64339744214019e-06,0.000160081132573089,5.28545338325626,-1,7.1104172859356,5.66127933499441
2213,"FCGR2B","Fc gamma receptor IIb",2.96370651708654,7.18968092519492,8.0679477631248,6.12894806033173e-08,2.45097495417344e-05,8.45750478842691,1,5.9764132506162,8.94217867736417
221303,"FAM162B","family with sequence similarity 162 member B",1.56073681491812,7.49007403223552,7.63309246692142,1.49949649478865e-07,3.79766231011411e-05,7.59860131818762,1,6.84885459782713,8.41627988193652
2258,"FGF13","fibroblast growth factor 13",1.23455525164863,6.3448860981705,5.27826427183169,2.90772831703604e-05,0.00104659405837225,2.49432422557097,1,5.83854434817382,7.07626862594348
22918,"CD93","CD93 molecule",1.02226539100507,8.52998572561816,5.1496647020264,3.94580706017772e-05,0.0012915346824921,2.19765764983443,1,8.11196932913492,9.13378718720507
2295,"FOXF2","forkhead box F2",1.02107803032259,5.41340084101492,5.1625269395879,3.82692261701237e-05,0.00127110293677521,2.22738269858197,1,4.9935991489049,6.01978106295162
23015,"GOLGA8A","golgin A8 family member A",-1.25809353429984,7.35453610134466,-4.1747749355309,0.000411262419329274,0.00581697948012331,-0.0734127114876379,-1,7.86416889477413,6.61839984416877
2350,"FOLR2","folate receptor beta",1.018114734656,7.54404661635384,4.78536805449464,9.42943937843773e-05,0.00228490520808321,1.35178000614386,1,7.12781343789264,8.14527231857557
2357,"FPR1","formyl peptide receptor 1",1.43392040586201,6.66641031189482,6.06860191345894,4.60940932877162e-06,0.000314448627643912,4.28450287137355,1,6.07946445594324,7.51422099271376
23641,"LDOC1","LDOC1 regulator of NFKB signaling",-1.33725634148694,5.71005960260024,-8.38995524369841,3.21159050951286e-08,1.61214889296041e-05,9.07555193602179,-1,6.25620917862657,4.92117688167331
23768,"FLRT2","fibronectin leucine rich transmembrane protein 2",-1.42328170453432,6.16582368665041,-5.83493092909619,7.89211057131262e-06,0.000441028472282516,3.76198589032917,-1,6.74661551105976,5.32690216250358
24,"ABCA4","ATP binding cassette subfamily A member 4",-1.96500913256581,4.95007251698389,-4.40466448540292,0.000236002036726276,0.00411500625310764,0.463036489595234,-1,5.75680747711138,3.78478868568861
250,"ALPP","alkaline phosphatase, placental",1.53518769842551,4.24930795679079,4.44867340243679,0.00021220892890862,0.00382842513579253,0.565836220908658,1,3.6234382986716,5.1533419074074
2520,"GAST","gastrin",-1.30086410140499,4.85352967752686,-4.27585555430448,0.000322149295970802,0.0049824938058507,0.16229564117902,-1,5.38559300840376,4.0849937551491
253725,"WASHC2C","WASH complex subunit 2C",1.15332318520255,7.42704696319795,3.14120119247205,0.00484141181160741,0.0303878081520997,-2.42788964397032,1,6.96005324609534,8.10159344345728
256691,"MAMDC2","MAM domain containing 2",-1.22353823381225,6.57604546014681,-2.91808629501701,0.00809897275609454,0.0431483794402397,-2.91005603024078,-1,7.07866112600496,5.85004505390726
256949,"KANK3","KN motif and ankyrin repeat domains 3",1.22777243871651,5.3461509659659,8.72017849995714,1.67902759988033e-08,1.0973799419734e-05,9.69357454208591,1,4.84410480781589,6.07132874996034
257019,"FRMD3","FERM domain containing 3",1.2145959366992,4.84386177840667,6.33422980759807,2.52063193832342e-06,0.000210676589741098,4.87053897609254,1,4.34599203519429,5.56300696304677
25890,"ABI3BP","ABI family member 3 binding protein",1.20766787634594,7.75030527946497,3.43075860315317,0.00245172637930016,0.0192760683628252,-1.78423395297657,1,7.2523800644303,8.46953059007059
25945,"NECTIN3","nectin cell adhesion molecule 3",1.48819072689883,6.24915640959156,4.29661229465528,0.000306391449361781,0.00483097054904206,0.210736205860757,1,5.64437391774474,7.12273112003696
26,"AOC1","amine oxidase copper containing 1",1.6494299392598,8.01867532925571,3.718485342687,0.00123447263950951,0.0121830130565552,-1.129793109803,1,7.34434090165089,8.99271394690711
26002,"MOXD1","monooxygenase DBH like 1",-1.29027311763188,4.52881217962292,-4.1484111516491,0.000438305169468533,0.00604115716911697,-0.134827173001965,-1,5.05689146054512,3.76603099606863
26157,"GIMAP2","GTPase, IMAP family member 2",1.22887015695431,5.42600118810386,4.41320939302678,0.000231181771354761,0.00405188050987787,0.48299538512063,1,4.92506745237423,6.14957213971333
2628,"GATM","glycine amidinotransferase",1.0809190111692,7.79282155473174,5.48869142503991,1.76983500208678e-05,0.000756511117664142,2.97693280373311,1,7.35122684534357,8.43068057940354
2669,"GEM","GTP binding protein overexpressed in skeletal muscle",-1.22320862210042,5.56882725274455,-3.70338039945296,0.0012799842546315,0.0124921777375187,-1.16443541328124,-1,6.06877173988755,4.84668521576022
2681,"GGTA1","glycoprotein alpha-galactosyltransferase 1 (inactive)",1.24947013936005,7.0425897198259,4.70217969412652,0.000115172414162166,0.00259871254392989,1.15780364570906,1,6.53097088465717,7.7815947039585
2688,"GH1","growth hormone 1",1.95870686057158,10.3127984714046,3.98536072875684,0.000649680258671492,0.0078649647633518,-0.513848553307173,1,9.51836795539943,11.4603092167454
26996,"GPR160","G protein-coupled receptor 160",-1.63686940866924,5.61196470936194,-4.14985164893825,0.00043678277287485,0.00602573169422031,-0.131472316379286,-1,6.28484411708891,4.64002778708965
2701,"GJA4","gap junction protein alpha 4",1.23239385725937,6.00941230788587,5.25157041369762,3.09760827777925e-05,0.00109339096369487,2.43284424797357,1,5.50580520572965,6.73684478877819
2719,"GPC3","glypican 3",1.02393765277585,9.9110537015805,3.5632608074452,0.00178926092018076,0.0156664716956708,-1.48437969543396,1,9.4948203458461,10.5122796598635
27306,"HPGDS","hematopoietic prostaglandin D synthase",1.13608266617397,7.34131315835667,3.06651855558079,0.00575755425099342,0.0343200372696022,-2.59078899961925,1,6.87710663876047,8.01183368666229
2791,"GNG11","G protein subunit gamma 11",1.33179065670783,8.8856480200712,9.89242200665942,1.87908847023391e-09,4.2794018001626e-06,11.7613691497485,1,8.34070151838342,9.67279296695357
2810,"SFN","stratifin",-1.79713005610272,7.5997564553534,-6.91525319295734,6.94080575982198e-07,9.76581010414952e-05,6.12024421309705,-1,8.33196439513441,6.54212276455861
28231,"SLCO4A1","solute carrier organic anion transporter family member 4A1",-1.37906895874468,6.39217098668052,-4.67265204263548,0.000123655329628581,0.00270559463672211,1.08890498012849,-1,6.95711363171475,5.57614272163107
2857,"GPR34","G protein-coupled receptor 34",1.54651665449109,7.29163070254682,3.19708534833335,0.0042498423034404,0.0279383695360175,-2.30509003567387,1,6.65774027752978,8.20725020534921
2878,"GPX3","glutathione peroxidase 3",-1.72529725418623,10.7796590527367,-4.41924961220965,0.0002278341007712,0.00400359645769756,0.497104268980133,-1,11.4866109428432,9.758506322583
2888,"GRB14","growth factor receptor bound protein 14",1.49852465663927,3.97695024617922,10.1944811976569,1.09821208329837e-09,3.70847916995137e-06,12.2633687386747,1,3.36313242526102,4.8635759875055
28959,"TMEM176B","transmembrane protein 176B",1.72877307478998,6.37490927512036,6.25685524964112,3.00252733523797e-06,0.000229563042789647,4.70074148170103,1,5.66695372998358,7.39751172920684
2919,"CXCL1","C-X-C motif chemokine ligand 1",1.53161927348443,4.25085942427939,3.65328589772105,0.00144309493447001,0.0135801587804585,-1.27912190114586,1,3.62304338340301,5.1577048166564
2920,"CXCL2","C-X-C motif chemokine ligand 2",1.36407622617458,3.81610622238415,3.70504646285533,0.00127488419106298,0.0124606076232686,-1.16061574380598,1,3.25560890077388,4.62571346471011
2983,"GUCY1B1","guanylate cyclase 1 soluble subunit beta 1",1.05759471400771,6.84224485168377,5.91588256978525,6.54609673714671e-06,0.000391240312658789,3.94371066702419,1,6.40846345333556,7.46881798263119
3043,"HBB","hemoglobin subunit beta",1.07606498938266,11.1761701256451,3.47186142002241,0.0022239568892731,0.0180644420943287,-1.69152853934442,1,10.7420322567109,11.80325815855
3046,"HBE1","hemoglobin subunit epsilon 1",-2.06005598396504,9.2282965788585,-3.20780464404659,0.00414467569108721,0.027533556241858,-2.28145123862683,-1,10.0831121353186,7.99356299730506
3055,"HCK","HCK proto-oncogene, Src family tyrosine kinase",1.22839395780729,5.88709580228268,6.90408908523435,7.11203638125491e-07,9.80251490616366e-05,6.09666822194399,1,5.38430846783778,6.61334417425866
3081,"HGD","homogentisate 1,2-dioxygenase",-1.17821070022742,4.3131814052845,-3.91634696610452,0.000767256105185257,0.00885223400544091,-0.673747939681668,-1,4.79578388848384,3.61608892955212
3087,"HHEX","hematopoietically expressed homeobox",1.09540490650683,5.38761831306638,7.24347202912176,3.41535959956353e-07,6.2341081843925e-05,6.80544625825712,1,4.94076283811523,6.03307622132916
3117,"HLA-DQA1","major histocompatibility complex, class II, DQ alpha 1",-1.24640194048386,4.56858880014873,-3.88196607786718,0.000833482077549791,0.00935059821330914,-0.753262307881418,-1,5.08116563557914,3.82820003786037
317649,"EIF4E3","eukaryotic translation initiation factor 4E family member 3",-1.00730456849279,4.92727458461742,-3.16863881898759,0.00454163235035939,0.0291472958665288,-2.36769169110559,-1,5.33989308757489,4.33127008034552
3236,"HOXD10","homeobox D10",-1.07528831228526,4.00804217011195,-4.83297086548144,8.41099628913382e-05,0.00211433245426973,1.46267388511957,-1,4.44766744171186,3.37302788891207
3284,"HSD3B2","hydroxy-delta-5-steroid dehydrogenase, 3 beta- and steroid delta-isomerase 2",2.06111609708404,5.23425454976402,9.21405346542467,6.5348846454689e-09,8.59146063449313e-06,10.5884110737554,1,4.39071231615591,6.45270444275351
3290,"HSD11B1","hydroxysteroid 11-beta dehydrogenase 1",2.65725577615462,6.23247537730895,9.12814133962509,7.6834866078745e-09,8.64861789789696e-06,10.4352596867474,1,5.14609981343034,7.80168452513362
3292,"HSD17B1","hydroxysteroid 17-beta dehydrogenase 1",1.39454054138438,9.32075081175647,3.70836830979924,0.00126477531974369,0.0124034911681157,-1.15299896878028,1,8.75578716948629,10.1368094061467
3294,"HSD17B2","hydroxysteroid 17-beta dehydrogenase 2",1.77128279017357,8.96700480777202,8.50185753000596,2.57382378302593e-08,1.37232220178653e-05,9.28676510332686,1,8.24321305192742,10.0124817884364
3489,"IGFBP6","insulin like growth factor binding protein 6",-1.46464833802408,7.02718119606067,-3.8829258303026,0.000831558625144467,0.00934454204329009,-0.751044029935497,-1,7.62639266566008,6.16165351775042
3569,"IL6","interleukin 6",1.67776128545402,5.04227995727148,4.55037112680403,0.000166028811660728,0.00323452860870963,0.803397414470559,1,4.35249512225272,6.03863583007636
3576,"CXCL8","C-X-C motif chemokine ligand 8",1.73921887241582,4.34440128289752,3.55341461741283,0.00183175244536634,0.0159183100218329,-1.50675817269431,1,3.6338327920165,5.37077799194787
358,"AQP1","aquaporin 1 (Colton blood group)",-1.12123862090385,6.83566027308949,-6.9297995973657,6.72403390185339e-07,9.59405992151067e-05,6.15093649549751,-1,7.29311348891228,6.17489451690102
3595,"IL12RB2","interleukin 12 receptor subunit beta 2",1.24476163282966,3.88032934493382,6.33315600532304,2.52674652322624e-06,0.000210676589741098,4.86818775501266,1,3.36853807281933,4.61958340465474
3670,"ISL1","ISL LIM homeobox 1",1.36229127872118,6.79208495112593,4.26467774412553,0.000330968351425177,0.00505537172169199,0.136214318783198,1,6.23845257720415,7.59177615790183
3671,"ISLR","immunoglobulin superfamily containing leucine rich repeat",-1.2036297161842,5.82754968453947,-3.01069790462846,0.00654933011111212,0.0372218730382168,-2.71158637256086,-1,6.3199421572897,5.11631611278914
374,"AREG","amphiregulin",1.57779286813272,8.36061243979679,3.6500222823652,0.0014544054716191,0.0136298377708023,-1.28658245539578,1,7.71584590617953,9.29194187724393
375612,"LHFPL3","LHFPL tetraspan subfamily member 3",-1.5120161929629,3.72856431475684,-3.58932733197395,0.00168139248969917,0.0150804308250531,-1.42506601226858,-1,4.34764524453809,2.83433630507282
3759,"KCNJ2","potassium inwardly rectifying channel subfamily J member 2",1.18577854787552,6.20182723331994,5.06793137892651,4.79389843359071e-05,0.00146909956916901,2.00851448163317,1,5.7179422900965,6.90077215130934
387882,"C12orf75","chromosome 12 open reading frame 75",-1.6451540595403,7.08229252442822,-5.603823738116,1.35119294935954e-05,0.00063225220200863,3.23931195283283,-1,7.75561399635753,6.10971706497478
389376,"SFTA2","surfactant associated 2",-1.56664122767017,3.57803654945511,-3.85230535112778,0.000895150055574664,0.00981951016567312,-0.821776187746259,-1,4.22256175032129,2.64705570375951
3903,"LAIR1","leukocyte associated immunoglobulin like receptor 1",1.33398367915431,6.02854824430723,7.91231249313095,8.41760239512624e-08,2.8453014246111e-05,8.153306934716,1,5.48202783230026,6.81796661720619
3914,"LAMB3","laminin subunit beta 3",-1.49642456393759,5.13700822350953,-3.03004214953308,0.00626375491015982,0.0362392741961017,-2.66982124968237,-1,5.74774671370803,4.25483040433391
3934,"LCN2","lipocalin 2",-1.98502542973685,5.28596562480102,-3.87098491669098,0.000855806049172023,0.00949068766408011,-0.778637239616462,-1,6.09966509895905,4.1106219399061
3952,"LEP","leptin",-2.67527944194492,8.55131204095809,-4.60920190025743,0.000144074320812555,0.00297398059223561,0.9407885359868,-1,9.64890543499323,6.96589936068509
4015,"LOX","lysyl oxidase",-1.38183478750856,5.55130657150948,-3.03994414069763,0.00612225171294726,0.0356445235505817,-2.64840251845277,-1,6.11182650985594,4.74166666056459
4023,"LPL","lipoprotein lipase",1.26965949503584,5.74211936681071,6.80168850685062,8.90029790649395e-07,0.000114844149157754,5.87960719633143,1,5.22281161563528,6.49223056295298
4072,"EPCAM","epithelial cell adhesion molecule",-3.07811976252187,5.67452528962427,-4.85487073577243,7.98047570431997e-05,0.00202115522806534,1.51366147009781,-1,6.93351354709805,3.85598669549547
4103,"MAGEA4","MAGE family member A4",1.39057809020715,3.64127864327876,5.85615607603547,7.51397532175556e-06,0.000427642286500251,3.80970386380478,1,3.07747401089928,4.45566311227134
4109,"MAGEA10","MAGE family member A10",1.05901122737394,5.12410193972953,5.57516169372124,1.44492501661037e-05,0.000665355130944151,3.17411115036586,1,4.69088827207351,5.74985501523267
415,"ARSL","arylsulfatase L",-1.36676118112935,4.26089250682183,-4.29710528876901,0.000306026712736615,0.0048289775909319,0.211886847608199,-1,4.82132719139192,3.45137574022059
4223,"MEOX2","mesenchyme homeobox 2",1.80747145491283,6.09043774127,4.72098938609113,0.00011007680017343,0.00252644956069065,1.20168167144145,1,5.3513212361836,7.15805047083925
4246,"SCGB2A1","secretoglobin family 2A member 1",-3.19571771483994,4.56448205460443,-4.74907645876711,0.000102887578647217,0.00241653448626572,1.26718251862849,-1,5.87226466849066,2.67546272343544
4332,"MNDA","myeloid cell nuclear differentiation antigen",1.38944822974955,5.44623898384759,5.16747858749244,3.7821287252726e-05,0.00126035707405836,2.23882309426126,1,4.87905760072442,6.26550098169217
4345,"CD200","CD200 molecule",1.14201143373596,6.50719730568629,5.18434032259569,3.6335409087652e-05,0.00123108983867043,2.27776804322493,1,6.0440547349385,7.17618101898866
4360,"MRC1","mannose receptor C-type 1",1.16597123376629,8.14445252636048,3.40137701734949,0.00262838054735669,0.0202485240570319,-1.85031923797528,1,7.66581119283887,8.83582334144725
440738,"MAP1LC3C","microtubule associated protein 1 light chain 3 gamma",1.2811251044147,4.87138084714268,11.1625090968437,2.10685725182674e-10,1.43804603839089e-06,13.7918457098265,1,4.34918625967859,5.62566191792414
4494,"MT1F","metallothionein 1F",-1.94594385332154,7.49422881443887,-6.26177498009362,2.96924924878966e-06,0.000227878632688361,4.7115603707358,-1,8.29261281052992,6.3410074867518
4495,"MT1G","metallothionein 1G",-2.59110279751121,8.41833401599463,-5.9795976024659,5.65309879959568e-06,0.000353510601168543,4.08622032577725,-1,9.48102183920669,6.8833404935772
4499,"MT1M","metallothionein 1M",-1.91401868630282,4.09085704647795,-4.08525466906185,0.000510521401431577,0.00674734123575028,-0.281817635304142,-1,4.87501927582271,2.95817827075774
4501,"MT1X","metallothionein 1X",-1.46550604668465,6.4081568472913,-5.32436330416951,2.60718150935252e-05,0.000963943513886704,2.60036657196498,-1,7.0088098609839,5.54054693862422
4582,"MUC1","mucin 1, cell surface associated",-1.06266984689018,4.97983919292241,-3.70701693440817,0.00126887817308386,0.0124377071431312,-1.15609774409048,-1,5.41410433533596,4.35256732054728
4616,"GADD45B","growth arrest and DNA damage inducible beta",1.00658312939174,6.19271937022526,6.74522394417857,1.00779250127527e-06,0.000123937004391893,5.75929345899331,1,5.78117568502797,6.78717135995467
4688,"NCF2","neutrophil cytosolic factor 2",1.10732903767517,5.77248340237996,4.3790630518507,0.000251055725604735,0.0042744874424181,0.403241811172006,1,5.32211622725749,6.42301376644574
4689,"NCF4","neutrophil cytosolic factor 4",1.02757908792532,5.99427560642793,6.33758820425235,2.50160574765802e-06,0.000210311344619499,4.87789164018987,1,5.57257160818465,6.60340360389044
474344,"GIMAP6","GTPase, IMAP family member 6",1.03090689694399,6.09413695840278,3.61372289910908,0.0015862465018924,0.0145007792224445,-1.36946564750564,1,5.67310123168866,6.70229967476761
4826,"NNAT","neuronatin",1.49140493711552,6.90608428264267,6.50951865879349,1.70047889584369e-06,0.000163286269709426,5.25234714974897,1,6.2944308080868,7.78958374589005
4856,"CCN3","cellular communication network factor 3",-1.56790092309138,4.17019085084584,-5.46541046243658,1.86940029163578e-05,0.000787441149871777,2.92372683331024,-1,4.80907672158936,3.24735570421632
4897,"NRCAM","neuronal cell adhesion molecule",1.02146384414237,4.9025019999924,8.90410220683859,1.17720481241842e-08,1.04497656326172e-05,10.0309175818625,1,4.48523294299919,5.50522397120482
4922,"NTS","neurotensin",1.44766126318484,4.94346264570693,4.2802358970359,0.000318757749164176,0.00495272297225106,0.172517259864224,1,4.35724218421861,5.79022553452338
5047,"PAEP","progestagen associated endometrial protein",-4.42185395579834,8.93928880722616,-5.49499169493728,1.7438299089154e-05,0.000753046129716372,2.99132286639651,-1,10.7505257731794,6.3230576341826
5055,"SERPINB2","serpin family B member 2",1.80083967436847,8.66301136473675,3.9618091517433,0.000687640451019983,0.00816663726735984,-0.568456439365241,1,7.93501810906193,9.71455717848926
5067,"CNTN3","contactin 3",-1.19776432748853,2.92178238793892,-4.3752087455926,0.00025340396112944,0.00430361915879596,0.394240344364937,-1,3.40881933121027,2.21828458099141
5069,"PAPPA","pappalysin 1",1.7273867686224,9.05952053705921,5.14146967615529,4.02349844256756e-05,0.00130674950765059,2.17871282272811,1,8.35676771477259,10.0746079470288
51050,"PI15","peptidase inhibitor 15",-1.79107350125626,4.2048491964929,-3.8476359693097,0.000905261810439881,0.00991432948179591,-0.832554674030097,-1,4.93744965563277,3.14664853329088
51116,"MRPS2","mitochondrial ribosomal protein S2",-1.2664821404222,6.35831611517958,-4.62171402012322,0.000139795353131241,0.00293512295315241,0.970002522994553,-1,6.87733114364612,5.60862774072791
51284,"TLR7","toll like receptor 7",1.14050591301859,4.61542784425532,5.56458766665563,1.48115373316772e-05,0.000673284054292411,3.15003712955045,1,4.14884744008245,5.28937731694946
51299,"NRN1","neuritin 1",1.33138461769618,5.22099654864504,4.93494814443997,6.58708997525565e-05,0.00177948039984873,1.69992019949205,1,4.67465268518731,6.01015990697288
51338,"MS4A4A","membrane spanning 4-domains A4A",1.61920780385004,7.01400004753589,4.78478326693015,9.44269547144451e-05,0.00228490520808321,1.35041718982168,1,6.34969967275338,7.97354503333285
51473,"DCDC2","doublecortin domain containing 2",-1.08589245584714,3.71694590527338,-3.13222434055057,0.00494358567217588,0.0308665606483684,-2.44754480976311,-1,4.16145194412687,3.07488162692946
5166,"PDK4","pyruvate dehydrogenase kinase 4",1.55352544975849,6.42077375701191,8.28353844216568,3.9702131623107e-08,1.87070904375761e-05,8.87298820948515,1,5.78587332886082,7.33785215323015
51673,"TPPP3","tubulin polymerization promoting protein family member 3",1.21984212515495,5.96292301019155,11.2552293032648,1.8084012661567e-10,1.43804603839089e-06,13.9320528908812,1,5.46225603139232,6.68610864623488
5168,"ENPP2","ectonucleotide pyrophosphatase/phosphodiesterase 2",1.06692298367848,9.3974602275487,6.12036730221898,4.09519317780954e-06,0.000291132312195084,4.39939135189304,1,8.9615154790387,10.0271581976187
51705,"EMCN","endomucin",-1.24730221137216,3.50473855474425,-4.02280508354791,0.000593572185803312,0.00738720273744528,-0.426948012794923,-1,4.01610960013972,2.76609148917302
5175,"PECAM1","platelet and endothelial cell adhesion molecule 1",1.46651680056655,8.16885445784087,8.82785693338814,1.36316282934948e-08,1.04497656326172e-05,9.89166616473387,1,7.5703019901552,9.03343024449796
51751,"HIGD1B","HIG1 hypoxia inducible domain family member 1B",1.68596018862044,5.44040123688261,8.78060213579614,1.49344072309217e-08,1.07188308248616e-05,9.80494024181081,1,4.7502432685463,6.43729608003507
5196,"PF4","platelet factor 4",1.9900303288027,6.42174176947012,6.50993949685872,1.69888060880366e-06,0.000163286269709426,5.25325894365068,1,5.61266737277278,7.59040478692184
5214,"PFKP","phosphofructokinase, platelet",-1.34296080499223,7.64182586313308,-6.23722565709503,3.13915198964442e-06,0.000237322233067857,4.65754408871551,-1,8.18897551282694,6.85149859135305
5308,"PITX2","paired like homeodomain 2",1.2538279013737,8.01972994900858,2.8514130872658,0.0094259712690317,0.0476972037666961,-3.051334928592,1,7.51065448547266,8.75506117411603
5322,"PLA2G5","phospholipase A2 group V",1.35997011910221,5.13109877158542,7.56854200724368,1.71617731717427e-07,4.13946055038904e-05,7.46873025572064,1,4.5737452349836,5.93616499112139
5327,"PLAT","plasminogen activator, tissue type",-1.34489673621231,5.73857982619661,-2.87698820936249,0.00889408272026327,0.0460171118476134,-2.99730698380962,-1,6.28727223633558,4.94602412266254
5357,"PLS1","plastin 1",-1.81759338003107,5.29812710291873,-6.42463606918569,2.05655231606575e-06,0.00018651806932844,5.06796045717475,-1,6.04032375827353,4.22606526740623
54360,"CYTL1","cytokine like 1",1.48689585738294,5.38326049578384,4.93437752181709,6.59609409256514e-05,0.00177954011197686,1.69859400571325,1,4.77579584630979,6.26070943391301
54536,"EXOC6","exocyst complex component 6",1.19870725895342,6.3103182911645,8.63842346226535,1.96885596091191e-08,1.13974258925818e-05,9.5420493314101,1,5.82097621445521,7.01714573530013
5473,"PPBP","pro-platelet basic protein",2.01701027345666,6.20837897801682,6.50638184310174,1.71244077821154e-06,0.000163659257581812,5.24555013727998,1,5.38935045420911,7.39142017907239
54762,"GRAMD1C","GRAM domain containing 1C",-1.02606698299411,6.66162480334787,-3.06168099077342,0.0058223452275202,0.0345436417729976,-2.6012909539906,-1,7.08178808841068,6.05472228047936
55273,"TMEM100","transmembrane protein 100",2.1450548568582,5.90121953884788,6.60513271412221,1.37415589915129e-06,0.000145984980847628,5.45889745803072,1,5.02240713517392,7.1706152330436
55365,"TMEM176A","transmembrane protein 176A",1.0550151417948,6.86511941826185,4.36374534000735,0.000260518921464697,0.00437656779745884,0.367469507959306,1,6.43245998240138,7.49007193672696
5552,"SRGN","serglycin",1.0185357360936,8.64198109734382,3.39168353189907,0.00268934722771711,0.0205308455843166,-1.87208722399415,1,8.22639273052487,9.24227540497118
5553,"PRG2","proteoglycan 2, pro eosinophil major basic protein",1.34986654685158,11.4673045052887,3.55282698426139,0.0018343195132665,0.0159233708904424,-1.50809328553132,1,10.9175341416123,12.2614172528213
55655,"NLRP2","NLR family pyrin domain containing 2",-1.22332357828696,7.98024147040976,-3.2714818738686,0.00357011857934636,0.0249084616171269,-2.14049254281653,-1,8.48287491808363,7.25421537932529
5577,"PRKAR2B","protein kinase cAMP-dependent type II regulatory subunit beta",1.34396193876932,7.21441554051172,7.54726284726012,1.79447931678563e-07,4.22766807411554e-05,7.42578395963562,1,6.6649628983186,8.0080693570129
55808,"ST6GALNAC1","ST6 N-acetylgalactosaminide alpha-2,6-sialyltransferase 1",-1.1042838458553,4.53942725224394,-3.30019364056517,0.00333713508877749,0.0238758740399954,-2.07664679472447,-1,4.99168422715155,3.88616717737739
55824,"PAG1","phosphoprotein membrane anchor with glycosphingolipid microdomains 1",1.12267489238382,6.81182361282598,5.02993728828777,5.24885847925471e-05,0.00155934195965073,1.92044874262659,1,6.35280135033109,7.47485576976305
55930,"MYO5C","myosin VC",-1.13930428308863,6.22019457227498,-3.57873894716724,0.00172441550030488,0.0153062360299849,-1.4491716313262,-1,6.68703074796347,5.54587565183606
5613,"PRKX","protein kinase cAMP-dependent X-linked catalytic subunit",-1.23435368296716,5.88217950012635,-5.40630121556476,2.14857480203652e-05,0.00087064548128124,2.78842227118323,-1,6.38580542580602,5.15471982970016
5641,"LGMN","legumain",1.04334777299979,9.39543046334839,7.34767219190185,2.73504412213637e-07,5.5414728958605e-05,7.01973707974336,1,8.96881682311967,10.011650165901
56475,"RPRM","reprimo, TP53 dependent G2 arrest mediator homolog",-1.14309595649056,4.2440350873696,-4.93818410804338,6.53626270823543e-05,0.00177284094687494,1.7074406526618,-1,4.71303248577772,3.56659440078009
56547,"MMP26","matrix metallopeptidase 26",-1.03987130629305,3.98467744684496,-3.31323576705718,0.00323625926663855,0.023459695528216,-2.04758840860911,-1,4.41048189898088,3.36962657153753
56649,"TMPRSS4","transmembrane serine protease 4",-1.25001152155465,4.70888776624708,-4.68921665340385,0.000118821867928492,0.00263397140711069,1.1275588518166,-1,5.22157006464901,3.96834666855541
56849,"TCEAL7","transcription elongation factor A like 7",-1.2093201034657,3.85070890847766,-3.99997982555978,0.000627172852943705,0.0076462467021506,-0.479932036103058,-1,4.34424879014981,3.13781796828457
56892,"TCIM","transcriptional and immune response regulator",1.31480161574098,6.23642883333721,6.89956442611938,7.18266434014144e-07,9.83297041862201e-05,6.08710820510484,1,5.69716280352818,7.01536865417248
56920,"SEMA3G","semaphorin 3G",1.070440496366,5.96479573585198,5.44745695641945,1.95005856582074e-05,0.000811296439468051,2.88266282464983,1,5.5274173358523,6.59656453585152
56967,"C14orf132","chromosome 14 open reading frame 132",-1.17038428943273,4.96666800969473,-6.79885848801414,8.95581440547114e-07,0.000114844149157754,5.87358756051197,-1,5.44493901967969,4.27583210638311
57211,"ADGRG6","adhesion G protein-coupled receptor G6",1.0533855922554,7.8611675583659,2.98262037511238,0.00698621683615536,0.0389533744529066,-2.77202040293091,1,7.43391217500306,8.47831422322333
57393,"CLTRN","collectrin, amino acid transport regulator",-1.07292619838391,3.67919320742556,-3.4528558684157,0.00232657580798966,0.0186245564779449,-1.7344310531279,-1,4.11860072801755,3.04449345545936
57413,"TMIGD3","transmembrane and immunoglobulin domain containing 3",1.46208524996629,5.81218894957271,4.97267032793285,6.01860055266509e-05,0.00168895936007683,1.78755443713033,1,5.21437376006007,6.67569977886874
57535,"ELAPOR1","endosome-lysosome associated apoptosis and autophagy regulator 1",-1.08479744401881,3.95310565275539,-4.18051162854322,0.000405602255870557,0.00576411189192071,-0.0600452030235266,-1,4.39676427430589,3.31226542162688
57863,"CADM3","cell adhesion molecule 3",1.17999020990091,5.56229002804134,7.93144276777383,8.09420677759715e-08,2.8453014246111e-05,8.1908907969679,1,5.08052981197176,6.25816589569739
5801,"PTPRR","protein tyrosine phosphatase receptor type R",-1.82402229762145,3.95010962004629,-3.57205970906444,0.00175210966350662,0.0154412761602034,-1.46436921736655,-1,4.69786837712005,2.87001363760642
58475,"MS4A7","membrane spanning 4-domains A7",1.05978108470446,6.21476193940271,3.82150812531924,0.000963966310044801,0.0103119965194391,-0.892827790276,1,5.78062598352246,6.8418472090075
58494,"JAM2","junctional adhesion molecule 2",1.55460592217517,6.81754763837243,8.66215253521291,1.87976156837651e-08,1.12017203343754e-05,9.58612904442307,1,6.18082766912298,7.73725426062164
597,"BCL2A1","BCL2 related protein A1",1.04908031756814,4.20610284954283,4.60159811314085,0.000146738835586119,0.00299977598479412,0.923033558641485,1,3.77931945648069,4.8225677506326
5972,"REN","renin",-1.24342238136924,6.52132712239027,-5.42917336194446,2.03584004294411e-05,0.000838377136383957,2.84081440625683,-1,7.03021949382144,5.78626036365636
6035,"RNASE1","ribonuclease A family member 1, pancreatic",1.39442138608038,9.65727036032635,4.80446233244501,9.00676639828427e-05,0.00220127978281831,1.3962715148407,1,9.0854576716222,10.4832220217879
6038,"RNASE4","ribonuclease A family member 4",-1.05203084856291,5.13226662349354,-2.99835004489155,0.00673812574857685,0.0380070060667916,-2.73819138505713,-1,5.56121891450509,4.51266886981018
6039,"RNASE6","ribonuclease A family member 6",1.13176187670765,5.74863504649907,4.32821934238616,0.000283865156524997,0.00459376352743846,0.284517471776163,1,5.28659600658302,6.41602477082226
60676,"PAPPA2","pappalysin 2",1.23418598883404,8.12100285261169,3.15324456042075,0.0047075403871954,0.0298472003280505,-2.40148909688163,1,7.62159543107939,8.84236912815833
624,"BDKRB2","bradykinin receptor B2",-1.30756548303209,5.24794969432967,-4.23973711200577,0.000351526035372825,0.00525628708685521,0.078032935933936,-1,5.78448388438004,4.47295586425693
6271,"S100A1","S100 calcium binding protein A1",-1.01295552068613,5.28611474587334,-3.59374777879221,0.00166374520407833,0.0149552535846633,-1.41499757917493,-1,5.70183708065576,4.68562692896541
6279,"S100A8","S100 calcium binding protein A8",1.87417616203436,7.26656730465469,3.82277559147204,0.000961033462099442,0.0102969322980417,-0.889905472152604,1,6.50237445132371,8.37040142613278
6280,"S100A9","S100 calcium binding protein A9",1.69971131074079,8.90571561293697,7.32738085424493,2.85562618938301e-07,5.61726623525137e-05,6.97813092421978,1,8.21390865095853,9.90499233579473
629,"CFB","complement factor B",1.0363561941841,5.42461747887115,2.90445524337911,0.00835483091387369,0.0440472252462017,-2.93905256566563,1,4.99987032766644,6.03814114172239
6296,"ACSM3","acyl-CoA synthetase medium chain family member 3",-1.41044803595974,4.68775176102455,-4.28762750073734,0.000313115481260698,0.00489131284951658,0.189766833466309,-1,5.26645481687404,3.85184734701973
6332,"SCN7A","sodium voltage-gated channel alpha subunit 7",1.31174325307607,4.27147210000913,6.66422171953224,1.20531990289803e-06,0.000134181244794599,5.58592806768698,1,3.73376219455259,5.04816418566859
6347,"CCL2","C-C motif chemokine ligand 2",1.64675864122085,6.20885176853403,5.71045821483035,1.05357701808546e-05,0.000535000600587207,3.48116775221137,1,5.53472551244519,7.18258969399569
6355,"CCL8","C-C motif chemokine ligand 8",1.13770163730924,4.53220673289095,5.16317821119674,3.82100046616844e-05,0.00127110293677521,2.22888750725073,1,4.06540160878592,5.20648080104264
6357,"CCL13","C-C motif chemokine ligand 13",1.52300278221784,5.1672873128511,6.40404404029671,2.15391859598556e-06,0.000188292211182902,5.02308664815131,1,4.54565353064462,6.06520277603825
6366,"CCL21","C-C motif chemokine ligand 21",-1.23659814014034,5.03406260898228,-3.72914356023546,0.00120332429227406,0.0119565589762318,-1.10533277395994,-1,5.54240656980814,4.29978799890049
6387,"CXCL12","C-X-C motif chemokine ligand 12",-1.16363381573626,4.44473483552095,-4.66426137792695,0.000126178750712599,0.00274303397874246,1.06932273806699,-1,4.92242502227466,3.75473789909892
642273,"FAM110C","family with sequence similarity 110 member C",-1.2295748466212,3.42385022911679,-3.3080241952627,0.00327620725215553,0.0236309131847359,-2.05920420650639,-1,3.92677669783772,2.69740088540876
6423,"SFRP2","secreted frizzled related protein 2",-1.33220270606112,3.83406791073054,-4.2298322212142,0.000360040092148543,0.00533243589694563,0.0549321766676947,-1,4.38016122509238,3.04526645665234
64231,"MS4A6A","membrane spanning 4-domains A6A",1.20713364829904,7.10156365079562,4.82208772869416,8.63358950842612e-05,0.00215062171190053,1.43732845807748,1,6.60673298068573,7.81631906317657
64577,"ALDH8A1","aldehyde dehydrogenase 8 family member A1",-1.69113932634495,3.77449862184626,-3.86443014796654,0.000869412924048002,0.00962052171170757,-0.793778607686285,-1,4.46878222763211,2.77164452460002
64798,"DEPTOR","DEP domain containing MTOR interacting protein",-1.58524950671749,6.55394224314483,-4.16443202419054,0.000421667310282302,0.00590013907018628,-0.0975100885519788,-1,7.2015775547642,5.61846901525019
6505,"SLC1A1","solute carrier family 1 member 1",-2.18688259908326,5.52273321723952,-4.29355060696222,0.00030866636679457,0.00485467439359599,0.203590395836,-1,6.41764014709676,4.23008987411238
6519,"SLC3A1","solute carrier family 3 member 1",-2.09746608849951,4.35316149523711,-4.39446180384306,0.000241889643861781,0.00417811259529713,0.439206290119393,-1,5.21266880184804,3.11165094124354
653,"BMP5","bone morphogenetic protein 5",1.96060871659979,7.16258944052154,7.67009319287948,1.38821099251055e-07,3.73818483661419e-05,7.67276804430468,1,6.35984881051209,8.32210368386853
653784,"MZT2A","mitotic spindle organizing protein 2A",-1.0710347813034,7.22031751063177,-8.74919001624485,1.58711280166748e-08,1.07188308248616e-05,9.74711121217001,-1,7.65837592406396,6.5875664690075
6564,"SLC15A1","solute carrier family 15 member 1",-1.92928109892693,4.50783328709479,-4.38166423567587,0.000249483291950959,0.00426073797384928,0.409316800922958,-1,5.29862357553811,3.36558064823223
6590,"SLPI","secretory leukocyte peptidase inhibitor",-2.18310791082089,7.3031750169369,-4.55539219700643,0.000164030436478449,0.00321413991633448,0.815124999183448,-1,8.19803011607271,6.0106065404074
669,"BPGM","bisphosphoglycerate mutase",1.12146958236887,8.41181141813622,3.31991877039749,0.00318572648015079,0.0232005798249247,-2.03268488481895,1,7.95838492017819,9.0667608040756
684,"BST2","bone marrow stromal cell antigen 2",1.00636697837511,6.90358503296592,7.44232733672727,2.23808185562412e-07,4.92290717555285e-05,7.21302916726764,1,6.49226464785703,7.4977144781232
6866,"TAC3","tachykinin precursor 3",1.2216514064748,7.34849065866297,3.51198801236162,0.0020216521628487,0.016933069758672,-1.60074932169848,1,6.84807793716195,8.07130903416444
6928,"HNF1B","HNF1 homeobox B",-1.00436591133875,6.31284664404308,-5.23823711616154,3.19711595022124e-05,0.0011187697110092,2.40211542384171,-1,6.72439558165876,5.7183870674871
6943,"TCF21","transcription factor 21",1.748424687476,7.49875116613778,7.07838613631692,4.87040398877191e-07,7.75006685006364e-05,6.46273124124575,1,6.78475159234282,8.5300838838416
7058,"THBS2","thrombospondin 2",-1.54541101239445,5.20547043749731,-3.28627603517273,0.00344815972168152,0.0244106094063555,-2.10761680491945,-1,5.83588586672094,4.29487037306317
7062,"TCHH","trichohyalin",1.43364383443358,5.39583582025549,3.29336931385046,0.0033911325950932,0.0240996932452297,-2.09183762466274,1,4.81495794712341,6.23488163700183
7103,"TSPAN8","tetraspanin 8",-3.12107991881716,4.8639414875699,-4.69242668898126,0.000117907442261515,0.00261961967784994,1.13504876368053,-1,6.14404502216523,3.01490304870997
712,"C1QA","complement C1q A chain",1.32193152143718,7.5859448783476,5.18861809314968,3.59679493373053e-05,0.00122272923074353,2.28764508676726,1,7.04339597120205,8.36962663311341
7123,"CLEC3B","C-type lectin domain family 3 member B",1.42709516713508,7.09182103157347,3.10357965958167,0.00528375340252822,0.0323524109062026,-2.51012871587918,1,6.50921530312924,7.93336263932626
713,"C1QB","complement C1q B chain",1.36725719073873,6.87439256108615,4.36324541156682,0.000260833725497256,0.00437656779745884,0.366302051541671,1,6.31415940321016,7.68361823357368
714,"C1QC","complement C1q C chain",1.12043224944212,7.74756642288509,3.69401730936702,0.00130902280594642,0.0126784133199896,-1.18589522350522,1,7.28729432172772,8.41240390233464
719,"C3AR1","complement C3a receptor 1",1.18595783010854,7.02667885059458,4.64922770046924,0.000130830405116795,0.0027932084700436,1.03423308860729,1,6.54134081333672,7.72772268218928
722,"C4BPA","complement component 4 binding protein alpha",-2.20280975468507,5.56998539613582,-4.74600253343475,0.000103650746648255,0.00242502052868395,1.26001508799612,-1,6.4715589151119,4.26771253539259
730,"C7","complement C7",2.06107577810225,6.75106074701305,8.38206268115659,3.26233180057139e-08,1.61214889296041e-05,9.06058559126139,1,5.9085638146068,7.96800076048873
7464,"CORO2A","coronin 2A",-1.18824451751649,4.84012764605712,-8.81680276474559,1.39254563980388e-08,1.04497656326172e-05,9.87140758210209,-1,5.32567178416161,4.13878611323953
7869,"SEMA3B","semaphorin 3B",1.38034752596738,6.96261384949656,4.21084471793298,0.000376941771342791,0.00551025774110843,0.0106575893511831,1,6.40182110523707,7.77264781342694
78989,"COLEC11","collectin subfamily member 11",-1.0888678370038,6.71600313066049,-7.81572356355946,1.02663906386063e-07,2.97153343898289e-05,7.9627211071423,-1,7.16157592027829,6.07239799010144
79144,"PPDPF","pancreatic progenitor cell differentiation and proliferation factor",-1.02942563104802,6.34240875870775,-9.72673062185974,2.53456500675935e-09,4.2794018001626e-06,11.4807547150075,-1,6.76393149082952,5.73354259008742
79191,"IRX3","iroquois homeobox 3",-2.34874816110386,6.42444962516118,-3.91398221602647,0.000771639021756655,0.00886793999989313,-0.679220222563236,-1,7.38623440669189,5.03520494072793
7940,"LST1","leukocyte specific transcript 1",1.0453372826361,6.1584137019515,5.35979383311571,2.39777479756846e-05,0.000920273855733359,2.68175183772212,1,5.73126947788306,6.77539980338368
79589,"RNF128","ring finger protein 128",1.28186652253596,6.55948337059338,3.29906589514837,0.00334600025655713,0.0239100707082507,-2.07915780511441,1,6.03936500288509,7.31076545728313
79625,"NDNF","neuron derived neurotrophic factor",1.5120183395296,6.38522462951753,7.1687905452693,4.0083543554233e-07,6.95315446100374e-05,6.65089470898318,1,5.76791247116571,7.27689774713683
79722,"ANKRD55","ankyrin repeat domain 55",-1.30260020699517,3.94805985487854,-4.01236317162432,0.000608715353792523,0.00751565008116411,-0.451191015224977,-1,4.48122323196177,3.17793497686944
7980,"TFPI2","tissue factor pathway inhibitor 2",1.47672767788594,11.103247818906,3.06789723573556,0.00573921687283672,0.034240952020184,-2.58779486143968,1,10.5045268219972,11.9680670366632
79812,"MMRN2","multimerin 2",1.02663343601086,4.52488843987816,6.65752008987561,1.22334725306465e-06,0.000134707818990994,5.57154464609414,1,4.10497342564276,5.13143234932928
79895,"ATP8B4","ATPase phospholipid transporting 8B4 (putative)",1.23311466024163,5.50718144144862,6.10032946426475,4.28690016257714e-06,0.000300542851882268,4.35495754723543,1,5.00416401204666,6.233762172807
79987,"SVEP1","sushi, von Willebrand factor type A, EGF and pentraxin domain containing 1",1.09393206236528,5.2392833741012,10.2999590232251,9.12695333079465e-10,3.70847916995137e-06,12.4357942690303,1,4.7930810429819,5.88379785238463
80704,"SLC19A3","solute carrier family 19 member 3",1.24640791803906,6.49389344705881,4.65766601931877,0.000128198598449094,0.0027750339777533,1.05392930644531,1,5.98771323197715,7.2250426466212
80896,"NPL","N-acetylneuraminate pyruvate lyase",1.05156085994685,7.70401829646493,3.79413927016702,0.00102950247084423,0.0107519327638015,-0.955890862986177,1,7.27754930562712,8.32002906100842
81575,"APOLD1","apolipoprotein L domain containing 1",1.33854275199035,6.12345265254796,4.94844484115988,6.37770389271521e-05,0.0017485610090704,1.73128337065324,1,5.57675215652586,6.9131311468021
83483,"PLVAP","plasmalemma vesicle associated protein",1.12450064591348,5.59931853293423,6.30491877652643,2.69310913567788e-06,0.000216900475065868,4.80630592321472,1,5.14082867627586,6.26158165921854
83595,"SOX7","SRY-box transcription factor 7",1.13205364787295,5.21588581043563,6.40967495669804,2.12683357454137e-06,0.000187646745317336,5.0353629448473,1,4.75324022267673,5.88415165942071
83700,"JAM3","junctional adhesion molecule 3",1.09073300248617,5.81842958002352,7.23241944427724,3.49708530391946e-07,6.32628976274216e-05,6.78262397229694,1,5.37233314984186,6.46279109028593
8382,"NME5","NME/NM23 family member 5",-1.07400557456342,3.84062771714197,-3.75652921966328,0.00112680595305343,0.0114609515134616,-1.04242316246693,-1,4.28094170638823,3.20461862156403
83888,"FGFBP2","fibroblast growth factor binding protein 2",-1.07246351124069,3.20658337709573,-3.13227275457286,0.00494302907225452,0.0308665606483684,-2.44743885890619,-1,3.64258482899901,2.57680350212433
8470,"SORBS2","sorbin and SH3 domain containing 2",1.10723280130738,5.11512921463862,9.37525537586296,4.83479580372166e-09,7.53521521378496e-06,10.8729572532723,1,4.66292137019076,5.76831832328552
84701,"COX4I2","cytochrome c oxidase subunit 4I2",1.44179603416587,6.509309192863,8.66579797241317,1.86644827391162e-08,1.12017203343754e-05,9.59289363716438,1,5.91855687558985,7.36261809559087
8483,"CILP","cartilage intermediate layer protein",-1.37456471569524,5.40505002547646,-4.3308909698719,0.000282038848029171,0.0045791578616248,0.290754868790235,-1,5.96606482861141,4.59469530983709
84944,"MAEL","maelstrom spermatogenic transposon silencer",1.15618635603982,4.97775225242151,7.12514167291214,4.40304516274188e-07,7.31230311822239e-05,6.56019240827568,1,4.50777681803307,5.65660565764925
8821,"INPP4B","inositol polyphosphate-4-phosphatase type II B",-1.01067637294583,4.41673747301793,-3.44075751241685,0.00239430058057063,0.0190015370399301,-1.76170899907874,-1,4.83064658817483,3.81886875112463
885,"CCK","cholecystokinin",1.20356099935707,5.50415239290059,3.07335741321688,0.005667144704208,0.0339710114946622,-2.5759318260341,1,5.01610409616947,6.20911104373443
8909,"ENDOU","endonuclease, poly(U) specific",1.41122926072491,5.521817229669,4.48613421649509,0.000193861497453902,0.00358378448897219,0.653345876766283,1,4.9498212071614,6.34803370662442
9037,"SEMA5A","semaphorin 5A",-1.08672274316321,6.76246767165574,-5.68783418404284,1.11057657042615e-05,0.000552859751680692,3.42995106071841,-1,7.20658165071592,6.12096970190214
9071,"CLDN10","claudin 10",-1.61006326888101,6.15749363654286,-4.60001821462287,0.000147298653065476,0.00299977598479412,0.919344356411092,-1,6.81923369301734,5.20164688830194
90865,"IL33","interleukin 33",1.13582419803245,5.06207479464921,3.97878403623264,0.000660065811533947,0.00794353013241171,-0.52910166150172,1,4.5981189574223,5.73223322619919
90952,"ESAM","endothelial cell adhesion molecule",1.12135303290448,7.10923136651807,7.84642700633456,9.63714890724881e-08,2.871445206026e-05,8.02345325769461,1,6.65274145334985,7.76860568553883
9120,"SLC16A6","solute carrier family 16 member 6",-1.89395553586069,4.17402355851296,-4.67692506203832,0.000122389848496871,0.00268370207834968,1.09887678784899,-1,4.95262943635542,3.04937062385161
9122,"SLC16A4","solute carrier family 16 member 4",1.08800652854622,7.82289278382628,4.5624683126113,0.000161255134652855,0.00318439598752583,0.831652081144242,1,7.38028182722439,8.46221972114011
91937,"TIMD4","T cell immunoglobulin and mucin domain containing 4",1.33258567390443,4.63745404688053,4.99158849440515,5.75244019584784e-05,0.00165554209246963,1.83147612554514,1,4.09229927921592,5.42489982239608
92737,"DNER","delta/notch like EGF repeat containing",-2.4804770568023,4.56580726034972,-3.59507466665417,0.00165848365504135,0.0149211977507961,-1.41197478466072,-1,5.58336081648792,3.09600767926121
93099,"DMKN","dermokine",-1.57909536634218,4.55785908155194,-3.22023011691041,0.00402592889936753,0.0270007763754007,-2.25401686893302,-1,5.20575562434915,3.62200851973374
9332,"CD163","CD163 molecule",1.2885868910088,7.48681570690241,4.51015628262621,0.000182942846948561,0.00347060395320674,0.70946160944844,1,6.95763769056789,8.25118395271894
9365,"KL","klotho",1.57892886284755,5.41405341821905,5.47878556159693,1.81152282401864e-05,0.000767850709988319,2.95430009651977,1,4.76987168167385,6.34453814878434
9388,"LIPG","lipase G, endothelial type",1.38335040252434,8.45844998565614,3.82413554898548,0.000957896419411599,0.0102796288949674,-0.886769725151559,1,7.89179077106004,9.27695774007272
94015,"TTYH2","tweety family member 2",1.03533851603905,5.46186315232522,6.68464052869105,1.15205571291419e-06,0.00013262386817815,5.62971429567946,1,5.03801842316142,6.07408331667294
948,"CD36","CD36 molecule (CD36 blood group)",1.72706745889447,7.89872794582051,4.39673974082943,0.000240562486784048,0.00416718039840037,0.444526733817361,1,7.19480787474948,8.91550138181198
949,"SCARB1","scavenger receptor class B member 1",1.11644565084138,6.93963364525459,6.73017927802493,1.04179068884176e-06,0.000124915703290339,5.72716219155494,1,6.48468192969126,7.59678612329051
9843,"HEPH","hephaestin",-1.64545338242654,4.04670399317284,-3.66882504300023,0.00139041977533048,0.0132011691977371,-1.24358066868294,-1,4.72081911914573,3.07298214454533
9914,"ATP2C2","ATPase secretory pathway Ca2+ transporting 2",-1.43957309220631,5.29319438526835,-4.71122309474978,0.000112693515593991,0.00255973466306037,1.17890070702876,-1,5.88259300173563,4.44184082814894
